Date,Price,Open,High,Low,Vol.,Change %
5/29/18,"1,033.25","1,045.75","1,049.50","1,028.00",-,-1.20%
5/28/18,"1,045.75","1,045.50","1,045.75","1,045.50",-,0.36%
5/25/18,"1,042.00","1,035.75","1,044.00","1,035.50",-,0.60%
5/24/18,"1,035.75","1,039.25","1,050.75","1,035.50",-,-0.34%
5/23/18,"1,039.25","1,030.75","1,039.75","1,027.75",-,0.87%
5/22/18,"1,030.25","1,022.25","1,035.75","1,020.25",-,0.73%
5/21/18,"1,022.75","1,016.75","1,027.00","1,011.75",-,2.48%
5/20/18,998,998,998,998,-,0.00%
5/18/18,998,997,"1,007.50",993.25,-,0.08%
5/17/18,997.25,"1,000.75","1,007.25",992.5,-,-0.35%
5/16/18,"1,000.75","1,018.00","1,018.50",998.75,-,-1.69%
5/15/18,"1,018.00","1,017.25","1,025.25","1,005.25",-,0.07%
5/14/18,"1,017.25","1,002.75","1,025.75","1,002.00",-,1.52%
5/11/18,"1,002.00","1,021.50","1,022.25","1,002.00",-,-1.88%
5/10/18,"1,021.25","1,018.00","1,033.25","1,014.25",-,0.32%
5/9/18,"1,018.00","1,022.50","1,023.75","1,011.25",-,-0.22%
5/8/18,"1,020.25","1,013.50","1,023.25","1,011.25",-,0.67%
5/7/18,"1,013.50","1,034.50","1,040.00","1,011.00",-,-2.08%
5/6/18,"1,035.00","1,035.00","1,035.00","1,035.00",-,-0.14%
5/4/18,"1,036.50","1,049.50","1,052.50","1,036.25",-,-1.26%
5/3/18,"1,049.75","1,042.00","1,055.50","1,034.00",-,0.70%
5/2/18,"1,042.50","1,054.50","1,054.75","1,039.75",-,-1.16%
5/1/18,"1,054.75","1,049.00","1,055.25","1,041.00",-,0.55%
4/30/18,"1,049.00","1,058.00","1,067.50","1,047.00",-,0.33%
4/27/18,"1,045.50","1,029.50","1,046.75","1,019.00",-,1.70%
4/26/18,"1,028.00","1,028.50","1,034.50","1,024.00",-,-0.02%
4/25/18,"1,028.25","1,023.25","1,033.25","1,020.50",-,0.54%
4/24/18,"1,022.75","1,020.75","1,026.25","1,016.25",-,0.20%
4/23/18,"1,020.75","1,026.75","1,033.25","1,017.25",-,-0.85%
4/22/18,"1,029.50","1,029.50","1,029.50","1,029.50",-,0.00%
4/20/18,"1,029.50","1,036.75","1,038.50","1,027.75",-,-0.70%
4/19/18,"1,036.75","1,041.50","1,044.75","1,032.75",-,-0.48%
4/18/18,"1,041.75","1,046.25","1,052.50","1,039.25",-,-0.41%
4/17/18,"1,046.00","1,043.25","1,049.00","1,040.25",-,0.31%
4/16/18,"1,042.75","1,054.75","1,058.75","1,041.50",-,-0.90%
4/13/18,"1,052.25","1,060.50","1,067.25","1,051.75",-,-0.78%
4/12/18,"1,060.50","1,047.75","1,061.75","1,047.50",-,1.22%
4/11/18,"1,047.75","1,051.00","1,058.50","1,047.25",-,-0.26%
4/10/18,"1,050.50","1,046.25","1,063.00","1,045.00",-,0.36%
4/9/18,"1,046.75","1,039.00","1,056.75","1,038.75",-,1.16%
4/6/18,"1,034.75","1,012.00","1,037.00","1,005.25",-,2.60%
4/5/18,"1,008.50","1,015.75","1,034.00","1,004.75",-,-0.66%
4/4/18,"1,015.25","1,038.75","1,041.50",983.5,-,-2.26%
4/3/18,"1,038.75","1,035.75","1,048.75","1,035.75",-,0.22%
4/2/18,"1,036.50","1,046.00","1,060.50","1,035.25",-,-0.79%
3/29/18,"1,044.75","1,020.25","1,050.50","1,012.50",-,2.45%
3/28/18,"1,019.75","1,019.00","1,023.25","1,015.25",-,0.07%
3/27/18,"1,019.00","1,026.75","1,031.00","1,017.25",-,-0.80%
3/26/18,"1,027.25","1,026.50","1,040.25","1,025.25",-,-0.05%
3/23/18,"1,027.75","1,026.75","1,034.25","1,009.25",-,-0.12%
3/22/18,"1,029.00","1,032.00","1,035.50","1,022.25",-,-0.07%
3/21/18,"1,029.75","1,029.50","1,037.25","1,025.00",-,0.19%
3/20/18,"1,027.75","1,022.75","1,029.75","1,022.25",-,0.49%
3/19/18,"1,022.75","1,045.25","1,045.25","1,022.00",-,-2.39%
3/16/18,"1,047.75","1,042.00","1,050.00","1,040.75",-,0.65%
3/15/18,"1,041.00","1,031.00","1,046.00","1,027.75",-,0.97%
3/14/18,"1,031.00","1,048.75","1,054.00","1,031.00",-,-1.67%
3/13/18,"1,048.50","1,042.00","1,052.00","1,041.75",-,0.67%
3/12/18,"1,041.50","1,036.25","1,044.75","1,032.00",-,0.46%
3/9/18,"1,036.75","1,062.00","1,065.00","1,036.75",-,-2.38%
3/8/18,"1,062.00","1,063.50","1,069.25","1,056.75",-,-0.14%
3/7/18,"1,063.50","1,074.75","1,077.25","1,063.00",-,-1.05%
3/6/18,"1,074.75","1,076.75","1,077.75","1,070.25",-,-0.19%
3/5/18,"1,076.75","1,073.50","1,079.25","1,066.50",-,0.63%
3/2/18,"1,070.00","1,067.75","1,082.50","1,063.75",-,0.23%
3/1/18,"1,067.50","1,055.00","1,068.50","1,050.75",-,1.18%
2/28/18,"1,055.00","1,049.00","1,059.00","1,046.25",-,0.57%
2/27/18,"1,049.00","1,046.25","1,055.75","1,043.75",-,0.26%
2/26/18,"1,046.25","1,051.25","1,059.50","1,045.75",-,0.89%
2/23/18,"1,037.00","1,031.50","1,039.50","1,028.50",-,0.53%
2/22/18,"1,031.50","1,034.00","1,037.00","1,027.25",-,-0.24%
2/21/18,"1,034.00","1,025.75","1,038.25","1,019.25",-,0.80%
2/20/18,"1,025.75","1,021.25","1,039.00","1,021.25",-,0.44%
2/19/18,"1,021.25","1,021.25","1,021.25","1,021.25",-,0.00%
2/18/18,"1,021.25","1,021.25","1,021.25","1,021.25",-,0.00%
2/16/18,"1,021.25","1,024.00","1,028.25","1,013.00",-,-0.27%
2/15/18,"1,024.00","1,017.00","1,024.50","1,015.75",-,0.69%
2/14/18,"1,017.00","1,010.75","1,019.50","1,006.00",-,0.62%
2/13/18,"1,010.75","1,001.25","1,013.50",998.75,-,0.95%
2/12/18,"1,001.25",996,"1,004.25",989,-,1.75%
2/9/18,984,987.5,989.5,979.75,-,-0.35%
2/8/18,987.5,984,995.75,978,-,0.36%
2/7/18,984,987,993.75,982,-,-0.30%
2/6/18,987,970.25,987.5,967.75,-,1.73%
2/5/18,970.25,978.5,978.5,969.5,-,-0.84%
2/4/18,978.5,978.5,978.5,978.5,-,0.00%
2/2/18,978.5,984.75,986.25,977,-,-0.63%
2/1/18,984.75,996.75,996.75,977.5,-,-1.20%
1/31/18,996.75,999.5,"1,002.00",989.25,-,-0.28%
1/30/18,999.5,991.25,"1,004.75",988.5,-,0.83%
1/29/18,991.25,991.75,998.75,986.25,-,0.53%
1/26/18,986,991.25,995.5,983.75,-,-0.53%
1/25/18,991.25,990.25,"1,001.50",987,-,0.10%
1/24/18,990.25,985.75,994.75,980.25,-,0.46%
1/23/18,985.75,983.25,988.75,979.5,-,0.25%
1/22/18,983.25,980.5,987.25,980.25,-,0.79%
1/19/18,975.5,972.5,982.75,972,-,0.31%
1/18/18,972.5,968.75,974.75,966.5,-,0.34%
1/17/18,969.25,966.75,969.25,961.25,-,0.26%
1/16/18,966.75,965.5,970,963.25,-,0.44%
1/12/18,962.5,949,962.5,944.5,-,1.42%
1/11/18,949,954.5,957.5,949,-,-0.58%
1/10/18,954.5,963.25,963.5,951.75,-,-0.91%
1/9/18,963.25,967,968.25,961.25,-,-0.39%
1/8/18,967,970,971.5,960.5,-,-0.28%
1/5/18,969.75,967.25,976.75,967.25,-,0.26%
1/4/18,967.25,969,969,959.25,-,-0.18%
1/3/18,969,965.5,970,963.5,-,0.36%
1/2/18,965.5,967.5,970,958.75,-,0.31%
12/29/17,962.5,956.5,963.5,955,-,0.63%
12/28/17,956.5,966.25,967.75,955,-,-1.01%
12/27/17,966.25,969.25,975.5,965.5,-,-0.31%
12/26/17,969.25,964,973.75,964,-,2.02%
12/22/17,950.1,947.88,959.12,946.62,-,0.18%
12/21/17,948.38,953.38,956.62,948.12,-,-0.60%
12/20/17,954.12,955.88,959.88,953.38,-,-0.18%
12/19/17,955.88,962.12,964.12,955.12,-,-0.60%
12/18/17,961.62,969.88,970.12,957.38,-,-0.60%
12/15/17,967.38,967.88,972.12,964.12,-,-0.02%
12/14/17,967.62,979.88,980.88,966.62,-,-1.22%
12/13/17,979.62,977.12,981.38,976.12,-,0.38%
12/12/17,975.88,982.12,986.12,975.38,-,-0.66%
12/11/17,982.38,988.88,988.88,981.62,-,-0.71%
12/8/17,989.38,991.88,996.38,986.12,-,-0.28%
12/7/17,992.12,"1,003.88","1,006.38",988.38,-,-1.10%
12/6/17,"1,003.12","1,008.12","1,014.12",995.12,-,-0.52%
12/5/17,"1,008.38",999.12,"1,014.88",997.62,-,0.98%
12/4/17,998.62,998.38,"1,008.38",996.88,-,0.43%
12/1/17,994.38,986.88,995.88,985.62,-,0.89%
11/30/17,985.62,992.62,992.88,985.12,-,-0.71%
11/29/17,992.62,992.88,996.38,989.38,-,-0.03%
11/28/17,992.88,995.62,995.88,987.62,-,-0.35%
11/27/17,996.38,993.88,"1,001.38",990.62,-,0.33%
11/24/17,993.12,994.88,999.62,991.12,-,-0.43%
11/22/17,997.38,987.88,999.38,987.62,-,0.81%
11/21/17,989.38,989.62,991.12,986.38,-,-0.05%
11/20/17,989.88,989.88,991.88,983.12,-,-0.07%
11/17/17,990.62,972.62,991.88,971.62,-,1.90%
11/16/17,972.12,976.38,978.38,970.38,-,-0.41%
11/15/17,976.12,969.12,977.88,968.12,-,0.88%
11/14/17,967.62,975.12,977.12,967.12,-,-0.69%
11/13/17,974.38,987.12,990.12,973.88,-,-1.29%
11/10/17,987.12,985.88,990.75,983.88,-,0.23%
11/9/17,984.88,998.12,"1,007.62",983.62,-,-1.35%
11/8/17,998.38,996,999.38,994.88,-,0.23%
11/7/17,996.12,994.38,998.62,991.38,-,0.23%
11/6/17,993.88,987.12,995.62,985.38,-,0.66%
11/3/17,987.38,998.62,998.88,985.88,-,-1.18%
11/2/17,999.12,990.12,"1,000.38",990.12,-,0.78%
11/1/17,991.38,984.75,994.88,983.88,-,0.69%
10/31/17,984.62,984.38,988.38,982.12,-,0.02%
10/30/17,984.38,986.88,993.25,983.12,-,1.00%
10/27/17,974.62,970.62,976.62,969.88,-,0.41%
10/26/17,970.62,975.88,978.62,970.62,-,-0.51%
10/25/17,975.62,975.88,983.12,975.38,-,0.02%
10/24/17,975.38,979.88,982.88,972.88,-,-0.53%
10/23/17,980.62,977.12,982.88,975.12,-,0.20%
10/20/17,978.62,985.38,993.88,978.62,-,-0.81%
10/19/17,986.62,983.38,988.88,983.38,-,0.25%
10/18/17,984.12,985.38,988.38,981.88,-,-0.03%
10/17/17,984.38,989.38,990.38,982.62,-,-0.61%
10/16/17,990.38,997.88,998.75,990.38,-,-0.90%
10/13/17,999.38,990.88,"1,003.12",990.38,-,0.73%
10/12/17,992.12,964.88,997.38,961.88,-,2.77%
10/11/17,965.38,965.62,967.38,963.38,-,-0.05%
10/10/17,965.88,966.25,975.62,964.38,-,-0.08%
10/9/17,966.62,974.38,976.88,965.38,-,-0.59%
10/6/17,972.38,967.88,972.88,963.62,-,0.44%
10/5/17,968.12,958.38,970.88,957.88,-,1.02%
10/4/17,958.38,955.62,961.62,952.88,-,0.34%
10/3/17,955.12,956.38,961.12,952.62,-,-0.21%
10/2/17,957.12,967.38,967.88,956.38,-,-1.01%
9/29/17,966.88,959.12,975.88,955.38,-,0.76%
9/28/17,959.62,964.88,965.88,957.62,-,-0.57%
9/27/17,965.12,963.12,968.38,958.12,-,0.18%
9/26/17,963.38,971.62,974.12,962.62,-,-0.82%
9/25/17,971.38,983.38,985.62,971.12,-,-1.32%
9/22/17,984.38,969.62,986.88,969.12,-,1.39%
9/21/17,970.88,970.12,972.88,963.12,-,0.08%
9/20/17,970.12,966.88,973.88,964.88,-,0.47%
9/19/17,965.62,968.12,971.62,958.62,-,-0.18%
9/18/17,967.38,966.62,976.38,966.62,-,-0.15%
9/15/17,968.88,975.38,977.5,967.38,-,-0.77%
9/14/17,976.38,960.88,978.12,960.38,-,1.64%
9/13/17,960.62,949.62,963.38,946.88,-,1.05%
9/12/17,950.62,960.38,965.62,938.62,-,-1.02%
9/11/17,960.38,964.62,968.62,957,-,-0.16%
9/8/17,961.88,967.88,976.62,961.88,-,-0.70%
9/7/17,968.62,971.38,977.25,965.88,-,-0.22%
9/6/17,970.75,967.62,976.62,964.88,-,0.30%
9/5/17,967.88,953.38,973.38,952.62,-,2.00%
9/1/17,948.88,947.62,951.62,943.12,-,0.24%
8/31/17,946.62,933.12,948.62,932.88,-,1.39%
8/30/17,933.62,936.88,940.88,931.62,-,-0.43%
8/29/17,937.62,940.62,943.62,934.62,-,-0.42%
8/28/17,941.62,943.88,950.38,938.12,-,0.27%
8/25/17,939.12,939.88,941.75,937.12,-,-0.21%
8/24/17,941.12,934.38,942.5,932.38,-,0.61%
8/23/17,935.38,941,943.12,929.12,-,0.19%
8/22/17,933.62,931.62,938.38,927.88,-,0.13%
8/21/17,932.38,935.12,936.12,930.25,-,-0.53%
8/18/17,937.38,930.12,938.88,927.88,-,0.78%
8/17/17,930.12,925.62,931.88,922.12,-,0.89%
8/16/17,921.88,921.38,925.5,917.38,-,0.00%
8/15/17,921.88,932.62,934.25,920.38,-,-1.20%
8/14/17,933.12,929.62,934.38,924.88,-,-0.53%
8/11/17,938.12,935.12,939.5,930.38,-,0.48%
8/10/17,933.62,966.38,980.38,932.12,-,-3.29%
8/9/17,965.38,966.88,971.12,960.38,-,-0.10%
8/8/17,966.38,966.38,973.75,963.88,-,0.29%
8/7/17,963.62,957.75,966.62,955.88,-,1.25%
8/4/17,951.75,953.62,959.5,949.88,-,-0.17%
8/3/17,953.38,969.12,969.62,948.88,-,-1.75%
8/2/17,970.38,964.5,973.38,963.12,-,0.65%
8/1/17,964.12,988.5,992.62,964.12,-,-3.43%
7/31/17,998.38,994.88,"1,001.62",987.38,-,-0.17%
7/28/17,"1,000.12",992.88,"1,007.38",989.62,-,0.53%
7/27/17,994.88,991.62,"1,000.62",987.38,-,0.61%
7/26/17,988.88,980.38,991.12,973.38,-,0.79%
7/25/17,981.12,"1,012.88","1,022.38",981.12,-,-1.68%
7/24/17,997.88,999.38,999.38,985.88,-,-1.14%
7/21/17,"1,009.38","1,011.12","1,013.38","1,001.88",-,-0.35%
7/20/17,"1,012.88",999.62,"1,017.38",995.12,-,1.30%
7/19/17,999.88,991.88,"1,004.62",984.38,-,1.04%
7/18/17,989.62,998.12,"1,004.12",986,-,0.41%
7/17/17,985.62,988.88,995.38,981.62,-,-0.30%
7/14/17,988.62,975.38,992,972.12,-,1.38%
7/13/17,975.12,"1,014.88","1,015.38",974.88,-,-4.46%
7/12/17,"1,020.62","1,026.12","1,031.12","1,010.62",-,-0.85%
7/11/17,"1,029.38","1,027.12","1,032.62","1,008.12",-,0.44%
7/10/17,"1,024.88","1,013.12","1,029.38","1,013.12",-,2.37%
7/7/17,"1,001.12",985.12,"1,003.38",982.62,-,1.47%
7/6/17,986.62,983.88,987.38,973.88,-,0.43%
7/5/17,982.38,982.5,986.38,969.12,-,1.08%
7/3/17,971.88,956.62,980.62,956.12,-,2.48%
6/30/17,948.38,920.38,950.38,917.62,-,3.02%
6/29/17,920.62,919.38,932.38,919.12,-,0.22%
6/28/17,918.62,916.38,922.12,915.88,-,0.30%
6/27/17,915.88,913.62,922.38,913.62,-,0.44%
6/26/17,911.88,909.12,916.38,908.25,-,0.83%
6/23/17,904.38,906.38,908.88,900.38,-,0.06%
6/22/17,903.88,919.88,920.62,903.12,-,-1.63%
6/21/17,918.88,929.12,932.38,917.12,-,-0.94%
6/20/17,927.62,937.62,940.62,926.12,-,-1.07%
6/19/17,937.62,936.62,947.38,933.88,-,-0.19%
6/16/17,939.38,935.62,942.12,932.12,-,0.51%
6/15/17,934.62,931.12,938.38,925.62,-,0.29%
6/14/17,931.88,932.38,938.88,931.12,-,-0.11%
6/13/17,932.88,933.38,941.38,931.88,-,0.21%
6/12/17,930.88,941.62,942.62,930.38,-,-1.12%
6/9/17,941.38,936.62,943.88,933.12,-,0.37%
6/8/17,937.88,931.12,944.62,930.88,-,0.75%
6/7/17,930.88,925.12,934.38,924.88,-,0.84%
6/6/17,923.12,920.88,934.12,920.12,-,0.16%
6/5/17,921.62,925.38,926.38,917.88,-,0.11%
6/2/17,920.62,912.62,923.88,910.88,-,0.96%
6/1/17,911.88,916.38,920.62,911.88,-,-0.44%
5/31/17,915.88,915.12,920.38,909.62,-,0.36%
5/30/17,912.62,927.62,928.38,910.62,-,-1.49%
5/26/17,926.38,939.88,940.88,925.62,-,-1.38%
5/25/17,939.38,947.62,952.12,939.12,-,-0.92%
5/24/17,948.12,948.88,951.88,943.12,-,-0.03%
5/23/17,948.38,956.12,959.12,947.12,-,-0.84%
5/22/17,956.38,954.12,960.88,954.12,-,0.34%
5/19/17,953.12,944.62,956.12,944.62,-,0.90%
5/18/17,944.62,970.62,971.12,942.88,-,-3.20%
5/17/17,975.88,975.62,980.5,973.62,-,-0.05%
5/16/17,976.38,965.38,976.62,963.88,-,1.17%
5/15/17,965.12,962.62,972.88,962.38,-,0.23%
5/12/17,962.88,964.62,967.38,960.62,-,-0.34%
5/11/17,966.12,970.88,975.62,962.88,-,-0.32%
5/10/17,969.25,974.38,988.5,966.88,-,-0.48%
5/9/17,973.88,965.38,977.12,963.62,-,0.86%
5/8/17,965.62,971.62,974.62,963.62,-,-0.77%
5/5/17,973.12,974.38,982.88,967.88,-,-0.03%
5/4/17,973.38,976.62,979.88,969.62,-,-0.15%
5/3/17,974.88,969.62,976.38,967.38,-,0.59%
5/2/17,969.12,969.12,978.38,965.38,-,-0.15%
5/1/17,970.62,961.88,974.62,958.62,-,1.41%
4/28/17,957.12,956.75,958.62,952.5,-,-0.05%
4/27/17,957.62,957.12,961.25,954.38,-,0.09%
4/26/17,956.75,965.62,968.38,955.25,-,-0.89%
4/25/17,965.38,969.38,971.12,964.88,-,-0.67%
4/24/17,971.88,963.25,971.88,962.12,-,2.21%
4/21/17,950.88,945.62,952.62,944.88,-,0.45%
4/20/17,946.62,950.12,955.62,946.12,-,-0.47%
4/19/17,951.12,946.75,954.38,942.75,-,0.58%
4/18/17,945.62,952.12,954.88,939.88,-,-0.79%
4/17/17,953.12,958.62,961.88,951.62,-,-0.26%
4/13/17,955.62,947.12,959.38,946.88,-,0.84%
4/12/17,947.62,942.38,951.25,941.12,-,0.80%
4/11/17,940.12,941.62,944.88,929.88,-,-0.19%
4/10/17,941.88,944.12,948.88,939.38,-,-0.05%
4/7/17,942.38,938.62,945.38,937.38,-,0.16%
4/6/17,940.88,944.38,946.38,940.12,-,-0.29%
4/5/17,943.62,937.62,948.38,937.62,-,0.64%
4/4/17,937.62,939.5,942.62,936.62,-,0.00%
4/3/17,937.62,946.38,949.12,937.62,-,-0.87%
3/31/17,945.88,961.38,966.38,944.38,-,-1.77%
3/30/17,962.88,969.75,969.88,961.12,-,-0.59%
3/29/17,968.62,970.88,975.88,967.38,-,-0.34%
3/28/17,971.88,971.38,976.38,971.12,-,0.05%
3/27/17,971.38,976.12,978.62,968.38,-,-0.43%
3/24/17,975.62,990.62,990.88,972.38,-,-1.51%
3/23/17,990.62,999.38,"1,001.88",990.62,-,-0.88%
3/22/17,999.38,"1,000.62","1,003.12",994.12,-,-0.25%
3/21/17,"1,001.88","1,000.38","1,007.88",995.12,-,0.20%
3/20/17,999.88,"1,003.62","1,008.62",998.38,-,-0.02%
3/17/17,"1,000.12","1,001.62","1,004.38",994.38,-,-0.08%
3/16/17,"1,000.88",999.62,"1,006.62",995.88,-,0.30%
3/15/17,997.88,998.62,"1,007.62",995.38,-,-0.12%
3/14/17,999.12,"1,006.50","1,007.88",992.12,-,-0.70%
3/13/17,"1,006.12","1,006.38","1,010.12","1,003.62",-,-0.05%
3/10/17,"1,006.62","1,011.88","1,012.75","1,003.12",-,-0.42%
3/9/17,"1,010.88","1,020.88","1,022.62","1,006.38",-,-1.08%
3/8/17,"1,021.88","1,025.62","1,027.62","1,018.62",-,-0.39%
3/7/17,"1,025.88","1,038.62","1,041.62","1,022.38",-,-1.11%
3/6/17,"1,037.38","1,039.12","1,048.38","1,035.88",-,0.05%
3/3/17,"1,036.88","1,037.62","1,040.88","1,028.88",-,0.03%
3/2/17,"1,036.62","1,049.12","1,050.88","1,032.12",-,-1.40%
3/1/17,"1,051.38","1,036.88","1,051.88","1,035.12",-,1.45%
2/28/17,"1,036.38","1,024.38","1,056.12","1,023.50",-,1.42%
2/27/17,"1,021.88","1,027.38","1,028.88","1,017.12",-,0.79%
2/24/17,"1,013.90","1,011.88","1,016.12","1,009.38",-,0.02%
2/23/17,"1,013.70","1,022.62","1,026.90","1,010.10",-,-0.90%
2/22/17,"1,022.90","1,027.88","1,031.62","1,022.38",-,-0.37%
2/21/17,"1,026.70","1,033.88","1,044.40","1,026.10",-,-0.79%
2/17/17,"1,034.90","1,043.38","1,046.12","1,031.10",-,-0.84%
2/16/17,"1,043.70","1,060.12","1,062.62","1,042.60",-,-1.64%
2/15/17,"1,061.10","1,045.12","1,061.40","1,040.38",-,1.50%
2/14/17,"1,045.40","1,055.12","1,055.90","1,042.60",-,-0.97%
2/13/17,"1,055.60","1,059.38","1,061.62","1,050.60",-,-0.24%
2/10/17,"1,058.10","1,050.12","1,063.40","1,047.60",-,0.77%
2/9/17,"1,050.00","1,055.88","1,061.40","1,045.10",-,-0.79%
2/8/17,"1,058.40","1,041.88","1,059.62","1,040.00",-,1.61%
2/7/17,"1,041.60","1,038.88","1,043.12","1,032.10",-,0.39%
2/6/17,"1,037.60","1,027.88","1,042.38","1,026.38",-,1.07%
2/3/17,"1,026.60","1,036.12","1,044.12","1,026.40",-,-0.95%
2/2/17,"1,036.40","1,037.12","1,041.62","1,031.50",-,-0.06%
2/1/17,"1,037.00","1,024.12","1,037.40","1,017.10",-,1.21%
1/31/17,"1,024.60","1,023.12","1,026.62","1,019.60",-,0.20%
1/30/17,"1,022.60","1,043.88","1,043.88","1,019.60",-,-2.55%
1/27/17,"1,049.40","1,047.38","1,051.90","1,043.10",-,0.10%
1/26/17,"1,048.40","1,055.38","1,058.62","1,045.60",-,-0.77%
1/25/17,"1,056.50","1,057.38","1,059.90","1,050.10",-,-0.23%
1/24/17,"1,058.90","1,060.12","1,068.12","1,051.38",-,-0.09%
1/23/17,"1,059.90","1,066.88","1,069.40","1,055.38",-,-0.70%
1/20/17,"1,067.40","1,070.12","1,071.12","1,060.25",-,-0.21%
1/19/17,"1,069.60","1,072.62","1,077.12","1,066.88",-,-0.42%
1/18/17,"1,074.10","1,067.88","1,079.90","1,062.60",-,0.61%
1/17/17,"1,067.60","1,054.12","1,075.25","1,052.38",-,2.24%
1/13/17,"1,044.20","1,037.62","1,052.62","1,033.10",-,0.44%
1/12/17,"1,039.60","1,009.38","1,041.12","1,006.10",-,2.92%
1/11/17,"1,010.10","1,012.38","1,016.40","1,001.10",-,-0.31%
1/10/17,"1,013.20","1,003.62","1,014.90",997.38,-,0.83%
1/9/17,"1,004.90",995.12,"1,005.90",993.6,-,0.95%
1/6/17,995.4,"1,012.62","1,014.62",993.6,-,-1.68%
1/5/17,"1,012.40","1,013.38","1,015.90","1,007.60",-,-0.17%
1/4/17,"1,014.10",995.88,"1,015.50",992.75,-,1.78%
1/3/17,996.4,"1,005.40","1,011.62",994.6,-,-0.87%
12/30/16,"1,005.10","1,013.12","1,018.40","1,002.60",-,-0.69%
12/29/16,"1,012.10","1,016.12","1,024.12","1,011.38",-,-0.42%
12/28/16,"1,016.40","1,023.88","1,028.40","1,011.38",-,-0.70%
12/27/16,"1,023.60",998.62,"1,024.62",998.38,-,3.41%
12/23/16,989.88,995.75,996.88,987.88,-,-0.48%
12/22/16,994.62,"1,007.75","1,008.25",993.62,-,-1.12%
12/21/16,"1,005.88","1,006.88","1,012.12","1,005.12",-,0.04%
12/20/16,"1,005.50","1,023.12","1,023.88","1,004.12",-,-1.65%
12/19/16,"1,022.38","1,031.88","1,038.75","1,020.62",-,-1.26%
12/16/16,"1,035.38","1,029.75","1,037.38","1,023.12",-,0.66%
12/15/16,"1,028.62","1,023.88","1,037.88","1,018.38",-,0.51%
12/14/16,"1,023.38","1,027.38","1,029.12","1,020.88",-,-0.41%
12/13/16,"1,027.62","1,031.38","1,038.62","1,025.62",-,-0.30%
12/12/16,"1,030.75","1,040.75","1,047.38","1,026.62",-,-0.53%
12/9/16,"1,036.25","1,025.62","1,038.62","1,021.38",-,0.84%
12/8/16,"1,027.62","1,047.38","1,047.88","1,023.62",-,-2.00%
12/7/16,"1,048.62","1,047.88","1,052.88","1,040.12",-,0.10%
12/6/16,"1,047.62","1,043.12","1,061.38","1,039.38",-,0.35%
12/5/16,"1,044.00","1,030.12","1,049.62","1,027.88",-,1.20%
12/2/16,"1,031.62","1,033.62","1,037.50","1,026.62",-,0.21%
12/1/16,"1,029.50","1,034.88","1,039.88","1,022.38",-,-0.41%
11/30/16,"1,033.75","1,044.12","1,052.62","1,031.62",-,-0.78%
11/29/16,"1,041.88","1,053.62","1,058.62","1,039.38",-,-1.36%
11/28/16,"1,056.25","1,044.38","1,064.88","1,042.88",-,1.04%
11/25/16,"1,045.38","1,032.62","1,046.50","1,030.00",-,1.04%
11/23/16,"1,034.62","1,029.25","1,035.62","1,017.38",-,0.51%
11/22/16,"1,029.38","1,020.38","1,033.12","1,016.50",-,1.02%
11/21/16,"1,019.00",997.75,"1,019.75",997.62,-,2.61%
11/18/16,993.12,988.25,996.62,982.38,-,0.30%
11/17/16,990.12,986.88,993.62,981.12,-,0.48%
11/16/16,985.38,994.12,997.62,982.88,-,-0.35%
11/15/16,988.88,987,989.88,978.62,-,0.50%
11/14/16,984,988.12,989.38,975.62,-,-0.28%
11/11/16,986.75,"1,005.62","1,017.88",977.12,-,-1.04%
11/10/16,997.12,992.38,"1,018.88",989.12,-,0.66%
11/9/16,990.62,"1,009.50","1,017.38",984.38,-,-2.12%
11/8/16,"1,012.12",999.12,"1,020.38",997.12,-,1.35%
11/7/16,998.62,991.5,"1,001.62",990.12,-,0.83%
11/4/16,990.38,989.75,994.62,984.12,-,0.08%
11/3/16,989.62,986.12,993.88,985.62,-,0.34%
11/2/16,986.25,991.88,995.38,983.38,-,-0.69%
11/1/16,993.12,"1,011.75","1,015.88",991.75,-,-1.85%
10/31/16,"1,011.88","1,013.62","1,018.12","1,006.50",-,1.02%
10/28/16,"1,001.62","1,012.75","1,017.38","1,000.62",-,-1.23%
10/27/16,"1,014.12","1,008.25","1,019.88","1,002.75",-,0.50%
10/26/16,"1,009.12",989.88,"1,010.88",989.5,-,1.84%
10/25/16,990.88,990.25,996.88,981.38,-,-0.15%
10/24/16,992.38,981.88,999.62,979.88,-,1.10%
10/21/16,981.62,977.38,983.88,974.5,-,0.61%
10/20/16,975.62,980.5,989.62,973.5,-,-0.51%
10/19/16,980.62,971.62,981.62,971.12,-,0.87%
10/18/16,972.12,977.38,986.88,971.62,-,-0.51%
10/17/16,977.12,961.62,978.5,961.25,-,1.61%
10/14/16,961.62,955.12,974.12,952.12,-,0.56%
10/13/16,956.25,946,959.38,937.38,-,1.12%
10/12/16,945.62,952.75,971.12,943.38,-,-0.94%
10/11/16,954.62,953.38,960.62,951.88,-,-0.03%
10/10/16,954.88,955.12,964.12,950.12,-,-0.25%
10/7/16,957.25,958.5,973.12,955.62,-,-0.12%
10/6/16,958.38,957.62,959.62,947.38,-,0.10%
10/5/16,957.38,963.88,967.62,950.62,-,-0.60%
10/4/16,963.12,971.5,971.88,960.38,-,-1.08%
10/3/16,973.62,952.75,974.88,946.62,-,1.92%
9/30/16,955.25,949.38,958.38,943.5,-,0.49%
9/29/16,950.62,948,957.12,946.12,-,0.53%
9/28/16,945.62,952,955.38,944.75,-,-0.68%
9/27/16,952.12,947.62,953.12,934.12,-,0.74%
9/26/16,945.12,952.25,960.12,943.88,-,-1.13%
9/23/16,955.88,975.5,976.12,952.75,-,-2.15%
9/22/16,976.88,974.75,983.12,970.38,-,0.18%
9/21/16,975.12,988.38,990.12,971.62,-,-1.49%
9/20/16,989.88,974.38,993.88,971,-,1.96%
9/19/16,970.88,970.88,981.12,966.12,-,0.34%
9/16/16,967.62,949.12,968.75,945.62,-,1.73%
9/15/16,951.12,943.62,952.88,941.38,-,0.90%
9/14/16,942.62,943.75,947.88,940.62,-,-0.24%
9/13/16,944.88,962.88,970.88,942.62,-,-2.10%
9/12/16,965.12,977.12,989.25,959.12,-,-1.66%
9/9/16,981.38,976.88,983.12,971.88,-,0.51%
9/8/16,976.38,977.5,983.12,970.38,-,0.15%
9/7/16,974.88,959.38,977.88,958.12,-,1.56%
9/6/16,959.88,954.38,963.75,946.62,-,0.89%
9/2/16,951.38,946.12,955.38,946.12,-,0.72%
9/1/16,944.62,943.88,948.38,937.12,-,0.29%
8/31/16,941.88,952.12,955.62,938.12,-,-0.79%
8/30/16,949.38,964.62,968.5,946.62,-,-4.15%
8/26/16,990.5,997.38,"1,001.62",982.75,-,-0.83%
8/25/16,998.75,"1,026.88","1,029.00",998.75,-,-3.12%
8/24/16,"1,030.88","1,034.25","1,036.00","1,021.62",-,-0.31%
8/23/16,"1,034.12","1,033.75","1,036.75","1,026.62",-,-0.01%
8/22/16,"1,034.25","1,024.75","1,041.12","1,023.12",-,0.75%
8/19/16,"1,026.50","1,032.50","1,034.88","1,016.88",-,-0.63%
8/18/16,"1,033.00","1,033.50","1,034.62","1,011.88",-,0.28%
8/17/16,"1,030.12","1,022.00","1,030.88","1,015.75",-,1.05%
8/16/16,"1,019.38","1,023.88","1,028.38","1,012.12",-,-0.45%
8/15/16,"1,024.00",999.88,"1,026.88",996.88,-,2.61%
8/12/16,998,"1,001.00","1,008.88",980.5,-,-0.39%
8/11/16,"1,001.88",999.88,"1,007.50",995.62,-,0.36%
8/10/16,998.25,"1,006.25","1,014.25",989.12,-,-0.71%
8/9/16,"1,005.38","1,000.25","1,014.88",993.5,-,0.50%
8/8/16,"1,000.38",996.75,"1,002.25",987.75,-,1.28%
8/5/16,987.75,976.38,994.75,975.62,-,1.37%
8/4/16,974.38,973.38,984.75,968.38,-,0.09%
8/3/16,973.5,974.75,985.62,969.25,-,0.31%
8/2/16,970.5,976.5,986.38,961.62,-,-0.96%
8/1/16,979.88,"1,009.88","1,017.50",976.88,-,-3.87%
7/29/16,"1,019.38",994.75,"1,022.88",984.38,-,2.71%
7/28/16,992.5,"1,005.38","1,010.38",988.5,-,-0.68%
7/27/16,999.25,984.38,"1,006.88",983.38,-,1.41%
7/26/16,985.38,975,994.12,974,-,0.95%
7/25/16,976.12,993.25,"1,002.38",973.75,-,-3.05%
7/22/16,"1,006.88","1,035.25","1,037.00",985.25,-,-2.47%
7/21/16,"1,032.38","1,026.00","1,042.38","1,023.75",-,0.56%
7/20/16,"1,026.62","1,045.88","1,056.12","1,025.00",-,-1.63%
7/19/16,"1,043.62","1,072.75","1,078.62","1,041.25",-,-3.27%
7/18/16,"1,078.88","1,062.88","1,082.00","1,050.38",-,0.44%
7/15/16,"1,074.12","1,084.75","1,097.12","1,056.62",-,-0.81%
7/14/16,"1,082.88","1,110.25","1,140.75","1,079.88",-,-3.52%
7/13/16,"1,122.38","1,109.00","1,134.50","1,096.75",-,1.94%
7/12/16,"1,101.00","1,076.12","1,101.88","1,072.88",-,2.24%
7/11/16,"1,076.88","1,096.88","1,100.75","1,074.62",-,-0.51%
7/8/16,"1,082.38","1,050.62","1,084.00","1,045.75",-,2.99%
7/7/16,"1,051.00","1,106.00","1,117.12","1,050.38",-,-4.31%
7/6/16,"1,098.38","1,109.75","1,114.38","1,063.25",-,-0.90%
7/5/16,"1,108.38","1,144.75","1,144.75","1,105.12",-,-4.79%
7/1/16,"1,164.12","1,177.25","1,178.50","1,163.12",-,-0.86%
6/30/16,"1,174.25","1,139.88","1,181.12","1,121.00",-,3.04%
6/29/16,"1,139.62","1,148.25","1,151.62","1,136.62",-,-0.57%
6/28/16,"1,146.12","1,128.12","1,161.62","1,124.62",-,1.54%
6/27/16,"1,128.75","1,101.38","1,135.62","1,101.38",-,2.56%
6/24/16,"1,100.62","1,125.25","1,131.50","1,099.38",-,-2.08%
6/23/16,"1,124.00","1,140.25","1,142.50","1,123.38",-,-1.15%
6/22/16,"1,137.12","1,130.75","1,146.88","1,126.12",-,0.40%
6/21/16,"1,132.62","1,144.50","1,151.75","1,129.12",-,-1.03%
6/20/16,"1,144.38","1,156.50","1,156.75","1,140.38",-,-1.28%
6/17/16,"1,159.25","1,132.75","1,159.25","1,132.75",-,2.15%
6/16/16,"1,134.88","1,153.88","1,159.88","1,128.88",-,-1.86%
6/15/16,"1,156.38","1,167.00","1,177.88","1,154.62",-,-1.09%
6/14/16,"1,169.12","1,166.75","1,176.12","1,152.62",-,0.02%
6/13/16,"1,168.88","1,194.88","1,198.25","1,167.38",-,-0.86%
6/10/16,"1,179.00","1,174.88","1,207.75","1,169.12",-,0.20%
6/9/16,"1,176.62","1,176.88","1,184.75","1,166.38",-,-0.13%
6/8/16,"1,178.12","1,142.00","1,189.12","1,138.12",-,3.12%
6/7/16,"1,142.50","1,133.12","1,148.62","1,129.12",-,0.52%
6/6/16,"1,136.62","1,144.62","1,161.88","1,136.12",-,0.43%
6/3/16,"1,131.75","1,142.25","1,168.12","1,127.38",-,-1.08%
6/2/16,"1,144.12","1,102.38","1,144.50","1,100.88",-,4.14%
6/1/16,"1,098.62","1,075.25","1,098.88","1,068.62",-,1.92%
5/31/16,"1,077.88","1,088.38","1,096.12","1,077.38",-,-0.74%
5/27/16,"1,085.88","1,076.00","1,090.62","1,071.88",-,0.49%
5/26/16,"1,080.62","1,085.25","1,097.88","1,073.50",-,-0.36%
5/25/16,"1,084.50","1,057.25","1,087.88","1,054.88",-,2.78%
5/24/16,"1,055.12","1,058.88","1,069.62","1,043.88",-,-0.40%
5/23/16,"1,059.38","1,077.12","1,079.12","1,052.12",-,-1.52%
5/20/16,"1,075.75","1,074.50","1,087.38","1,063.38",-,0.48%
5/19/16,"1,070.62","1,073.88","1,074.62","1,051.38",-,-0.45%
5/18/16,"1,075.50","1,079.75","1,087.88","1,063.88",-,-0.41%
5/17/16,"1,079.88","1,063.12","1,085.62","1,062.88",-,1.39%
5/16/16,"1,065.12","1,060.25","1,071.62","1,055.62",-,0.02%
5/13/16,"1,064.88","1,071.25","1,075.38","1,057.88",-,-0.51%
5/12/16,"1,070.38","1,078.75","1,089.62","1,063.00",-,-0.61%
5/11/16,"1,077.00","1,080.38","1,090.62","1,073.12",-,-0.70%
5/10/16,"1,084.62","1,025.12","1,090.62","1,023.62",-,5.65%
5/9/16,"1,026.62","1,036.88","1,043.62","1,019.12",-,-0.61%
5/6/16,"1,032.88","1,011.75","1,033.62","1,008.62",-,2.08%
5/5/16,"1,011.88","1,035.12","1,047.38","1,011.50",-,-2.13%
5/4/16,"1,033.88","1,026.38","1,045.62","1,022.25",-,0.39%
5/3/16,"1,029.88","1,043.12","1,057.12","1,023.62",-,-1.29%
5/2/16,"1,043.38","1,028.12","1,043.38","1,020.62",-,1.31%
4/29/16,"1,029.88","1,023.75","1,037.88","1,018.38",-,0.22%
4/28/16,"1,027.62","1,024.62","1,046.12","1,018.12",-,-0.12%
4/27/16,"1,028.88","1,026.50","1,029.62","1,011.12",-,0.10%
4/26/16,"1,027.88","1,009.00","1,027.88","1,001.62",-,1.68%
4/25/16,"1,010.88",994.62,"1,029.50",986.38,-,2.59%
4/22/16,985.38,"1,016.50","1,017.00",979.12,-,-3.41%
4/21/16,"1,020.12","1,007.38","1,034.62","1,002.75",-,0.99%
4/20/16,"1,010.12",980.62,"1,012.12",975.88,-,2.47%
4/19/16,985.75,953.62,986.38,953.12,-,3.40%
4/18/16,953.38,954.12,964.12,949.88,-,-0.39%
4/15/16,957.12,947.38,958.12,946.38,-,0.79%
4/14/16,949.62,955.12,959.38,946.88,-,-0.60%
4/13/16,955.38,938.38,957.62,938.12,-,2.22%
4/12/16,934.62,927.12,937.38,924.75,-,0.73%
4/11/16,927.88,916.12,929.38,915.38,-,1.28%
4/8/16,916.12,905.12,916.38,903.12,-,1.35%
4/7/16,903.88,908.62,909.62,903.62,-,-0.50%
4/6/16,908.38,903.88,909.62,901.12,-,0.36%
4/5/16,905.12,911.88,916.38,905.12,-,-0.90%
4/4/16,913.38,918.25,922.38,912.88,-,-0.34%
4/1/16,916.5,909.88,917.88,908.38,-,0.43%
3/31/16,912.62,908.38,913.88,896.88,-,0.38%
3/30/16,909.12,915.12,916.88,909.12,-,-0.74%
3/29/16,915.88,908.38,916.38,907.12,-,0.71%
3/28/16,909.38,911.12,914.62,906.38,-,-0.11%
3/24/16,910.38,905.12,911.62,902.12,-,0.47%
3/23/16,906.12,909.38,912.38,901.63,-,-0.49%
3/22/16,910.62,901.13,913.88,900.13,-,1.00%
3/21/16,901.63,895.38,904.88,892.38,-,0.47%
3/18/16,897.38,897.13,904.62,896.13,-,0.06%
3/17/16,896.88,894.88,904.38,893.62,-,0.25%
3/16/16,894.62,891.5,894.62,886.12,-,0.28%
3/15/16,892.12,894.62,895.38,888.63,-,-0.45%
3/14/16,896.13,892.62,896.88,890.38,-,0.08%
3/11/16,895.38,887.63,896.62,887.38,-,0.73%
3/10/16,888.88,885.12,889.88,881.38,-,0.37%
3/9/16,885.62,883.13,887.88,880.38,-,0.14%
3/8/16,884.38,880.12,884.63,875.38,-,0.37%
3/7/16,881.12,881.25,887.38,880.63,-,0.31%
3/4/16,878.38,864.13,879.13,863.88,-,1.71%
3/3/16,863.63,861.12,865.38,857.62,-,0.26%
3/2/16,861.38,858.25,864.88,856.12,-,0.32%
3/1/16,858.63,861.25,866.38,857.12,-,-0.29%
2/29/16,861.12,862.88,864.88,860.12,-,-0.23%
2/26/16,863.12,866.63,869.12,861.88,-,-0.29%
2/25/16,865.62,872.13,876.38,865.12,-,-0.77%
2/24/16,872.38,873.38,874.88,869.38,-,-0.08%
2/23/16,873.12,883.25,883.25,871.38,-,-1.22%
2/22/16,883.88,881.75,889.88,880.38,-,0.63%
2/19/16,878.38,879.5,881.62,877.88,-,-0.17%
2/18/16,879.88,882,882.63,878.12,-,-0.27%
2/17/16,882.25,878.75,885.38,876.88,-,0.24%
2/16/16,880.13,876.38,882.63,873.38,-,0.86%
2/12/16,872.63,872.88,875.38,868.63,-,-0.06%
2/11/16,873.13,862.38,874.13,862.38,-,1.31%
2/10/16,861.88,863.25,866.13,861.63,-,-0.17%
2/9/16,863.38,862.75,866.13,859.63,-,0.06%
2/8/16,862.88,867.38,868.63,861.63,-,-0.52%
2/5/16,867.38,875.63,878.88,867.38,-,-0.79%
2/4/16,874.25,877.88,884.38,872.88,-,-0.33%
2/3/16,877.13,885.63,885.88,874.38,-,-1.04%
2/2/16,886.38,880.25,889.38,878.38,-,0.62%
2/1/16,880.88,882.88,882.88,876.13,-,-0.17%
1/29/16,882.38,868.88,882.88,867.13,-,1.67%
1/28/16,867.88,882.5,884.13,867.38,-,-1.75%
1/27/16,883.38,875.88,884.88,875.75,-,0.83%
1/26/16,876.13,879.75,882.13,875.63,-,-0.48%
1/25/16,880.38,876.63,881.88,870.88,-,0.46%
1/22/16,876.38,878.88,886.13,874.88,-,-0.28%
1/21/16,878.88,874.63,885.63,872.38,-,0.51%
1/20/16,874.38,881.88,883.75,870.63,-,-1.05%
1/19/16,883.63,881,887.88,880.63,-,0.60%
1/17/16,878.38,878.38,878.38,878.38,-,0.00%
1/15/16,878.38,882.38,882.63,871.25,-,-0.51%
1/14/16,882.88,878.63,884.38,874.88,-,0.34%
1/13/16,879.88,874.75,880.63,871.13,-,0.60%
1/12/16,874.63,861.5,881,857.38,-,1.57%
1/11/16,861.13,865.5,869.63,859.63,-,-0.49%
1/8/16,865.38,864.88,870.63,863.63,-,0.12%
1/7/16,864.38,864.13,868.63,858.38,-,-0.03%
1/6/16,864.63,856.63,867.63,852.38,-,0.88%
1/5/16,857.13,858.13,864.63,855.63,-,0.12%
1/4/16,856.13,863.13,867.13,853.38,-,-0.87%
12/31/15,863.63,868.88,872.88,863.13,-,-0.69%
12/30/15,869.63,865.13,872.63,864.13,-,0.49%
12/29/15,865.38,862.63,871.88,861.13,-,0.35%
12/28/15,862.38,870.13,871.38,860.63,-,-1.36%
12/27/15,874.25,874.25,874.25,874.25,-,-0.29%
12/24/15,876.75,882.5,884.88,875.13,-,-0.55%
12/23/15,881.63,885.63,888.5,881.13,-,-0.42%
12/22/15,885.38,890.75,895.13,885.13,-,-0.62%
12/21/15,890.88,891.63,896.13,887.13,-,-0.08%
12/18/15,891.63,876.13,893.38,873.38,-,1.65%
12/17/15,877.13,859.88,878,854.25,-,1.62%
12/16/15,863.13,866.88,870.88,856.13,-,-0.40%
12/15/15,866.63,874.63,877.63,866.63,-,-0.91%
12/14/15,874.63,870.75,877.63,868.13,-,0.43%
12/11/15,870.88,878,884.13,870.13,-,-0.85%
12/10/15,878.38,877,886.38,873.13,-,0.23%
12/9/15,876.38,877.38,883.63,869.88,-,0.00%
12/8/15,876.38,885.88,886.88,872.88,-,-0.71%
12/7/15,882.63,905.75,909.63,881.63,-,-2.62%
12/4/15,906.38,896.75,906.38,892.88,-,1.09%
12/3/15,896.63,890.75,897.63,885.13,-,0.48%
12/2/15,892.38,889,894.63,885,-,0.35%
12/1/15,889.25,880.88,891.63,880.13,-,0.86%
11/30/15,881.63,873.13,883.13,870.38,-,0.89%
11/27/15,873.88,875.38,877.63,871.13,-,-0.17%
11/25/15,875.38,863,876.88,861.63,-,1.42%
11/24/15,863.13,863.38,869.13,861.38,-,-0.12%
11/23/15,864.13,854.5,865.38,844.38,-,0.70%
11/20/15,858.13,859.75,861.13,852.13,-,-0.23%
11/19/15,860.13,858,862.88,852.63,-,0.23%
11/18/15,858.13,864.13,867.63,852.63,-,-0.64%
11/17/15,863.63,859.38,864.88,857.88,-,0.52%
11/16/15,859.13,854.5,860.13,851.38,-,0.41%
11/13/15,855.63,862.25,862.25,854.88,-,-0.84%
11/12/15,862.88,860.38,865.13,855.13,-,0.17%
11/11/15,861.38,856.75,861.38,854.13,-,0.61%
11/10/15,856.13,865.63,868.38,850.13,-,-1.15%
11/9/15,866.13,867.63,871.88,865.88,-,-0.12%
11/6/15,867.13,864.75,868.25,858.38,-,0.26%
11/5/15,864.88,883.63,885.38,863.38,-,-2.23%
11/4/15,884.63,879.13,886.88,879.13,-,0.65%
11/3/15,878.88,879.75,886.63,875.63,-,0.03%
11/2/15,878.63,887.88,890.88,878.38,-,-0.73%
10/30/15,885.13,879.25,887.38,878.88,-,0.57%
10/29/15,880.13,882.38,886.38,875.63,-,-0.37%
10/28/15,883.38,889.88,891.38,882.13,-,-0.87%
10/27/15,891.13,885.13,894.38,880.38,-,0.73%
10/26/15,884.63,895.5,899.88,882.63,-,-1.17%
10/23/15,895.13,898.88,900.88,892.13,-,-0.39%
10/22/15,898.63,905,912.88,897.63,-,-0.69%
10/21/15,904.88,896,906.88,894.5,-,1.00%
10/20/15,895.88,890.38,901.63,889.63,-,0.56%
10/19/15,890.88,897.13,900.38,890.88,-,-0.81%
10/16/15,898.13,904.25,910.5,897.63,-,-0.79%
10/15/15,905.25,908.88,915.63,904.25,-,-0.56%
10/14/15,910.38,912,919.63,909.38,-,-0.27%
10/13/15,912.88,886.25,914.88,886.13,-,2.87%
10/12/15,887.38,886.13,894.25,885.88,-,0.28%
10/9/15,884.88,880.5,896.63,871.63,-,0.45%
10/8/15,880.88,890.38,891.63,880.13,-,-1.11%
10/7/15,890.75,887.13,895.75,885.88,-,0.32%
10/6/15,887.88,880.63,895.38,879.5,-,0.48%
10/5/15,883.63,874.13,885.88,872.13,-,1.12%
10/2/15,873.88,877.38,881.88,868.38,-,-0.40%
10/1/15,877.38,891.25,899.13,876.88,-,-1.60%
9/30/15,891.63,883.63,901.75,881.38,-,0.89%
9/29/15,883.75,876.63,884.63,873.63,-,0.78%
9/28/15,876.88,888.5,891.38,875.75,-,-1.35%
9/25/15,888.88,869.38,889.88,869.38,-,2.45%
9/24/15,867.63,863.13,869.13,858.13,-,0.46%
9/23/15,863.63,861.38,869.38,861.38,-,0.17%
9/22/15,862.13,871.63,873.38,861.13,-,-1.32%
9/21/15,873.63,867.88,877.13,865.13,-,0.75%
9/18/15,867.13,883.88,886.38,867.13,-,-1.95%
9/17/15,884.38,886.38,890.38,880.88,-,-0.25%
9/16/15,886.63,888.88,894.13,883.38,-,-0.23%
9/15/15,888.63,886.5,894.38,883.38,-,0.57%
9/14/15,883.63,875.63,888.13,875.63,-,1.06%
9/11/15,874.38,874.75,877.75,854.88,-,0.11%
9/10/15,873.38,871.5,879.13,868.63,-,0.14%
9/9/15,872.13,875.88,885.63,870.88,-,-0.74%
9/8/15,878.63,870.38,884.63,870.13,-,1.41%
9/4/15,866.38,869.25,875.88,865.38,-,-0.40%
9/3/15,869.88,874.75,882.38,868.38,-,-0.43%
9/2/15,873.63,874.38,880.13,865.13,-,-0.11%
9/1/15,874.63,884.5,886.63,868.63,-,-1.41%
8/31/15,887.13,884.25,888.13,871.13,-,-0.66%
8/28/15,893,887.75,895.63,884.25,-,0.90%
8/27/15,885,880.38,894.25,880,-,0.84%
8/26/15,877.63,893.13,898.13,877,-,-1.80%
8/25/15,893.75,894.13,908.25,886.88,-,0.06%
8/24/15,893.25,901.25,906.13,874.38,-,-1.45%
8/21/15,906.38,920.38,921,904.25,-,-1.52%
8/20/15,920.38,904.75,922.75,898.75,-,1.81%
8/19/15,904,913.25,917,899.88,-,-0.95%
8/18/15,912.63,925,929.38,912.63,-,-1.51%
8/17/15,926.63,919,933.25,919,-,0.19%
8/14/15,924.88,937.88,937.88,921.63,-,-1.36%
8/13/15,937.63,920.88,937.88,920.88,-,2.05%
8/12/15,918.75,981.75,985,910.5,-,-6.38%
8/11/15,981.38,"1,004.50","1,004.50",978.88,-,-2.75%
8/10/15,"1,009.13",979.38,"1,009.13",977.88,-,3.30%
8/7/15,976.88,955.38,976.88,952.25,-,2.21%
8/6/15,955.75,962.75,965,952.88,-,-0.79%
8/5/15,963.38,948.88,964.13,948.5,-,1.43%
8/4/15,949.75,944.13,957,942.75,-,0.53%
8/3/15,944.75,950.38,953.75,939.75,-,-0.88%
7/31/15,953.13,965.63,966.5,951.88,-,-1.23%
7/30/15,965,956.88,970.25,956.5,-,0.89%
7/29/15,956.5,956.5,965.38,949.75,-,0.16%
7/28/15,955,942.13,956,941.63,-,1.81%
7/27/15,938,962.5,962.5,937.88,-,-5.34%
7/24/15,990.88,"1,010.50","1,011.38",988.88,-,-1.89%
7/23/15,"1,010.00","1,022.00","1,028.88","1,004.50",-,-1.28%
7/22/15,"1,023.13","1,019.13","1,027.38","1,011.63",-,0.40%
7/21/15,"1,019.00","1,011.13","1,019.88","1,008.25",-,1.02%
7/20/15,"1,008.75","1,011.00","1,012.63",998.25,-,-0.54%
7/17/15,"1,014.25","1,017.00","1,021.25","1,007.63",-,-0.22%
7/16/15,"1,016.50","1,027.50","1,038.13","1,015.25",-,-0.91%
7/15/15,"1,025.88","1,030.88","1,034.75","1,014.38",-,-0.79%
7/14/15,"1,034.00","1,039.00","1,053.13","1,031.25",-,-0.42%
7/13/15,"1,038.38","1,030.25","1,040.38","1,021.38",-,0.65%
7/10/15,"1,031.63","1,026.25","1,048.00","1,022.25",-,0.56%
7/9/15,"1,025.88",995.88,"1,033.63",995.75,-,3.13%
7/8/15,994.75,995.25,"1,008.13",987.63,-,0.14%
7/7/15,993.38,"1,021.38","1,025.63",989.13,-,-2.79%
7/6/15,"1,021.88","1,032.00","1,032.00","1,016.88",-,-1.46%
7/3/15,"1,037.00","1,037.00","1,037.00","1,037.00",-,0.00%
7/2/15,"1,037.00","1,039.75","1,047.13","1,028.88",-,-0.35%
7/1/15,"1,040.63","1,048.00","1,054.75","1,033.38",-,-0.73%
6/30/15,"1,048.25",993.88,"1,051.13",985.5,-,5.36%
6/29/15,994.88,992,"1,007.88",990.25,-,-0.48%
6/26/15,999.63,998.88,"1,024.13",997.88,-,0.15%
6/25/15,998.13,981,"1,002.50",980.25,-,1.65%
6/24/15,981.88,987.5,990.38,979.13,-,-0.51%
6/23/15,986.88,989.63,995.88,978.13,-,-0.24%
6/22/15,989.25,972.63,989.88,971.63,-,1.87%
6/19/15,971.13,976,981.38,966.63,-,-0.58%
6/18/15,976.75,967.75,981.63,962.13,-,1.05%
6/17/15,966.63,957.88,971.88,957.88,-,0.87%
6/16/15,958.25,939.5,958.63,938.88,-,2.10%
6/15/15,938.5,939.88,943.63,930.38,-,-0.11%
6/12/15,939.5,939.75,946.88,933.38,-,-0.17%
6/11/15,941.13,948.38,952.88,938.13,-,-0.87%
6/10/15,949.38,951,957.38,944.63,-,-0.12%
6/9/15,950.5,946.88,954.88,943.38,-,0.60%
6/8/15,944.88,938,950.88,935.38,-,0.67%
6/5/15,938.63,944.75,951.88,935.38,-,-0.82%
6/4/15,946.38,933.63,948.63,932.38,-,1.18%
6/3/15,935.38,941,945.63,931.63,-,-0.53%
6/2/15,940.38,926.38,944.38,925.38,-,1.48%
6/1/15,926.63,931.63,934.88,921.63,-,-0.83%
5/29/15,934.38,926,937.38,924.88,-,0.85%
5/28/15,926.5,926.5,934.13,922.13,-,-0.07%
5/27/15,927.13,922.25,931.63,922.13,-,0.54%
5/26/15,922.13,923.63,930.38,920.63,-,-0.30%
5/22/15,924.88,937.75,942.38,923.13,-,-1.40%
5/21/15,938,941.38,946.13,937.38,-,-0.31%
5/20/15,940.88,946.75,947.38,936.63,-,-0.58%
5/19/15,946.38,953.25,955.88,942.13,-,-0.89%
5/18/15,954.88,953.38,964.13,950.13,-,0.22%
5/15/15,952.75,958.25,961.13,950.38,-,-0.51%
5/14/15,957.63,958.25,962.13,953.13,-,0.03%
5/13/15,957.38,956.63,962.63,954.63,-,0.10%
5/12/15,956.38,973.13,981.38,955.13,-,-1.82%
5/11/15,974.13,976.38,981.88,972.38,-,-0.10%
5/8/15,975.13,974.5,978.38,969.38,-,0.03%
5/7/15,974.88,983.63,984.63,972.63,-,-0.81%
5/6/15,982.88,984.38,990.38,978.63,-,-0.22%
5/5/15,985,975.75,986.63,974.38,-,0.81%
5/4/15,977.13,964.38,978.63,962.88,-,1.28%
5/1/15,964.75,977.5,978.88,961.88,-,-1.27%
4/30/15,977.13,987.88,994.88,972.63,-,-1.16%
4/29/15,988.63,977.38,988.88,972.88,-,1.14%
4/28/15,977.5,972.63,987.88,972.38,-,0.37%
4/27/15,973.88,967.63,979.63,965.88,-,0.49%
4/24/15,969.13,979.13,980.88,966.88,-,-0.89%
4/23/15,977.88,971.5,982.88,971.5,-,0.70%
4/22/15,971.13,973.88,976.38,965.38,-,-0.37%
4/21/15,974.75,975.88,976.88,968.88,-,-0.27%
4/20/15,977.38,968,980.88,968,-,1.01%
4/17/15,967.63,965.25,972.38,963.25,-,0.28%
4/16/15,964.88,964.25,970.13,955.88,-,-0.03%
4/15/15,965.13,959.38,976.38,958.88,-,0.52%
4/14/15,960.13,948.88,961.38,948.63,-,1.21%
4/13/15,948.63,948.5,957.38,946,-,-0.34%
4/10/15,951.88,953.88,958.38,944.75,-,-0.29%
4/9/15,954.63,971,972.13,950.75,-,-1.80%
4/8/15,972.13,971.38,974.88,967.88,-,0.05%
4/7/15,971.63,978.38,983.88,970.13,-,-0.74%
4/6/15,978.88,985.38,990.13,978.13,-,-0.60%
4/2/15,984.75,988.13,992.63,981.13,-,-0.43%
4/1/15,989,972.75,991.63,972.75,-,1.68%
3/31/15,972.63,966.63,980.13,958.13,-,0.36%
3/30/15,969.13,966.88,976.38,965.13,-,0.17%
3/27/15,967.5,973.75,976.38,965.13,-,-0.72%
3/26/15,974.5,977.13,981.38,972.13,-,-0.43%
3/25/15,978.75,983.25,987.38,978.13,-,-0.37%
3/24/15,982.38,983.5,984.75,975.88,-,-0.03%
3/23/15,982.63,974.88,989.88,973.38,-,1.02%
3/20/15,972.75,961.25,979.88,960.13,-,1.09%
3/19/15,962.25,970.63,979,956.63,-,-0.19%
3/18/15,964.13,954.38,966.63,953.63,-,0.86%
3/17/15,955.88,967.5,973.13,953.88,-,-1.38%
3/16/15,969.25,972.63,977.75,967.5,-,-0.56%
3/13/15,974.75,990.38,994.13,972.63,-,-1.70%
3/12/15,991.63,991.63,997.13,985.13,-,-0.15%
3/11/15,993.13,982.75,997.38,982.63,-,0.91%
3/10/15,984.13,992.63,993.88,983.13,-,-0.92%
3/9/15,993.25,988.38,998.88,986.38,-,0.80%
3/6/15,985.38,985.25,988.13,976.88,-,-0.05%
3/5/15,985.88,995.13,997.88,985.13,-,-0.98%
3/4/15,995.63,"1,012.88","1,014.25",993.38,-,-1.73%
3/3/15,"1,013.13","1,014.13","1,017.88","1,002.13",-,-0.04%
3/2/15,"1,013.50","1,030.13","1,038.88","1,011.38",-,-1.64%
2/27/15,"1,030.38","1,025.88","1,037.88","1,022.13",-,0.37%
2/26/15,"1,026.63","1,010.50","1,026.88","1,008.88",-,1.51%
2/25/15,"1,011.38","1,017.88","1,024.38","1,004.88",-,-0.66%
2/24/15,"1,018.13","1,001.25","1,031.88","1,001.13",-,1.80%
2/23/15,"1,000.13","1,004.13","1,008.63",994.63,-,0.03%
2/20/15,999.88,"1,006.63","1,009.63",998.88,-,-0.70%
2/19/15,"1,006.88",995.38,"1,016.63",993.75,-,1.04%
2/18/15,996.5,"1,006.75","1,012.13",990.88,-,-1.15%
2/17/15,"1,008.13",992.38,"1,008.88",992.38,-,1.82%
2/13/15,990.13,983,997.63,983,-,0.71%
2/12/15,983.13,977.25,984.88,973.63,-,0.54%
2/11/15,977.88,970.38,980.88,966.13,-,0.90%
2/10/15,969.13,978.25,985.88,967.13,-,-1.02%
2/9/15,979.13,974.13,983.13,972.13,-,0.53%
2/6/15,974,981.88,987.13,971.38,-,-0.74%
2/5/15,981.25,970.63,982.63,969.38,-,0.91%
2/4/15,972.38,985.5,990.13,967.63,-,-1.32%
2/3/15,985.38,959.88,998.88,959.63,-,2.68%
2/2/15,959.63,961.38,970.25,959.13,-,-0.21%
1/30/15,961.63,968.38,972.63,955.13,-,-0.67%
1/29/15,968.13,969.13,977.63,967.13,-,-0.19%
1/28/15,970,973.75,977.63,966.5,-,-0.50%
1/27/15,974.88,982.25,985.38,972.38,-,-0.91%
1/26/15,983.88,972.38,984.13,967.13,-,1.18%
1/23/15,972.38,977.25,980.38,967.38,-,-0.54%
1/22/15,977.63,985.13,992.38,975.25,-,-0.58%
1/21/15,983.38,983.5,990.88,977.63,-,0.10%
1/20/15,982.38,983.13,986.5,972.38,-,-0.83%
1/16/15,990.63,991.25,995.88,983.25,-,-0.13%
1/15/15,991.88,"1,014.25","1,019.63",985.38,-,-1.89%
1/14/15,"1,011.00","1,004.50","1,011.13",994.13,-,0.61%
1/13/15,"1,004.88","1,016.63","1,025.13","1,002.13",-,-1.13%
1/12/15,"1,016.38","1,049.63","1,059.75","1,015.63",-,-3.39%
1/9/15,"1,052.00","1,047.63","1,054.38","1,044.13",-,0.39%
1/8/15,"1,047.88","1,054.75","1,061.63","1,047.13",-,-0.76%
1/7/15,"1,055.88","1,054.25","1,060.88","1,048.38",-,-0.04%
1/6/15,"1,056.25","1,043.38","1,056.88","1,039.13",-,1.04%
1/5/15,"1,045.38","1,006.38","1,047.38","1,006.38",-,3.80%
1/2/15,"1,007.13","1,019.63","1,019.88","1,007.13",-,-1.54%
12/31/14,"1,022.88","1,041.75","1,047.63","1,022.63",-,-1.89%
12/30/14,"1,042.63","1,048.63","1,055.88","1,042.38",-,-0.67%
12/29/14,"1,049.63","1,053.63","1,067.75","1,046.13",-,-0.37%
12/28/14,"1,053.50","1,053.50","1,053.50","1,053.50",-,0.61%
12/26/14,"1,047.13","1,031.75","1,047.88","1,030.75",-,1.80%
12/24/14,"1,028.63","1,036.38","1,041.38","1,025.63",-,-0.82%
12/23/14,"1,037.13","1,036.88","1,048.13","1,033.38",-,0.04%
12/22/14,"1,036.75","1,029.38","1,042.13","1,025.38",-,0.62%
12/21/14,"1,030.38","1,030.38","1,030.38","1,030.38",-,0.00%
12/19/14,"1,030.38","1,034.38","1,035.88","1,022.63",-,-0.55%
12/18/14,"1,036.13","1,026.88","1,039.88","1,024.13",-,0.96%
12/17/14,"1,026.25","1,023.50","1,033.88","1,015.38",-,0.29%
12/16/14,"1,023.25","1,034.88","1,038.88","1,021.63",-,-1.35%
12/15/14,"1,037.25","1,050.25","1,054.88","1,035.63",-,-0.98%
12/14/14,"1,047.50","1,047.50","1,047.50","1,047.50",-,0.00%
12/12/14,"1,047.50","1,039.75","1,053.88","1,032.13",-,0.59%
12/11/14,"1,041.38","1,032.88","1,048.13","1,026.13",-,0.92%
12/10/14,"1,031.88","1,048.38","1,060.13","1,027.88",-,-1.60%
12/9/14,"1,048.63","1,042.38","1,049.88","1,038.63",-,0.43%
12/8/14,"1,044.13","1,034.88","1,050.38","1,030.63",-,0.53%
12/7/14,"1,038.63","1,038.63","1,038.63","1,038.63",-,0.00%
12/5/14,"1,038.63","1,009.75","1,040.63","1,003.63",-,2.77%
12/4/14,"1,010.63",998.75,"1,016.38",991.88,-,1.16%
12/3/14,999,995.13,999.38,983.88,-,0.34%
12/2/14,995.63,"1,018.88","1,021.88",995.13,-,-2.21%
12/1/14,"1,018.13","1,010.63","1,022.25","1,006.63",-,0.39%
11/30/14,"1,014.13","1,014.13","1,014.13","1,014.13",-,0.00%
11/28/14,"1,014.13","1,042.63","1,050.88","1,013.13",-,-3.22%
11/27/14,"1,047.88","1,047.88","1,047.88","1,047.88",-,0.00%
11/26/14,"1,047.88","1,049.38","1,054.63","1,038.88",-,-0.29%
11/25/14,"1,050.88","1,033.88","1,053.88","1,033.13",-,1.53%
11/24/14,"1,035.00","1,036.13","1,038.63","1,026.88",-,-0.44%
11/21/14,"1,039.63","1,020.88","1,039.88","1,013.75",-,1.75%
11/20/14,"1,021.75","1,006.25","1,021.88","1,005.13",-,1.59%
11/19/14,"1,005.75","1,023.88","1,024.50","1,003.88",-,-1.78%
11/18/14,"1,024.00","1,036.25","1,041.88","1,021.13",-,-1.07%
11/17/14,"1,035.13","1,022.13","1,038.38","1,014.88",-,1.30%
11/14/14,"1,021.88","1,052.25","1,053.13","1,020.63",-,-3.15%
11/13/14,"1,055.13","1,048.25","1,069.63","1,044.88",-,0.61%
11/12/14,"1,048.75","1,063.50","1,086.13","1,044.63",-,-1.46%
11/11/14,"1,064.25","1,021.38","1,072.38","1,020.38",-,3.92%
11/10/14,"1,024.13","1,035.13","1,053.75","1,022.13",-,-1.42%
11/7/14,"1,038.88","1,027.00","1,038.88","1,019.63",-,1.07%
11/6/14,"1,027.88","1,018.63","1,040.38","1,011.63",-,0.76%
11/5/14,"1,020.13","1,009.88","1,021.00",995.63,-,0.99%
11/4/14,"1,010.13","1,028.00","1,029.88","1,004.88",-,-1.86%
11/3/14,"1,029.25","1,045.63","1,047.63","1,026.63",-,-1.33%
10/31/14,"1,043.13","1,028.50","1,053.88","1,016.63",-,1.29%
10/30/14,"1,029.88","1,048.88","1,059.13","1,029.13",-,-1.94%
10/29/14,"1,050.25","1,012.63","1,050.88","1,011.75",-,3.51%
10/28/14,"1,014.63","1,011.38","1,040.75","1,006.63",-,0.32%
10/27/14,"1,011.38",978.63,"1,014.63",973.38,-,3.37%
10/24/14,978.38,991.75,"1,001.88",976.88,-,-1.51%
10/23/14,993.38,960.5,993.88,956.13,-,3.30%
10/22/14,961.63,961.5,982.38,960.38,-,-0.36%
10/21/14,965.13,943.63,966.63,942.88,-,2.09%
10/20/14,945.38,949.5,950.38,936.13,-,-0.63%
10/17/14,951.38,966.13,972.63,951.38,-,-1.65%
10/16/14,967.38,949.88,967.38,949.63,-,1.67%
10/15/14,951.5,962.88,978.25,951.13,-,-1.40%
10/14/14,965,943.63,970.38,943.38,-,2.14%
10/13/14,944.75,920,950.63,915.88,-,2.34%
10/10/14,923.13,939.63,950.63,921.63,-,-1.99%
10/9/14,941.88,934.13,944.88,932.63,-,0.78%
10/8/14,934.63,938.38,949.63,926.88,-,-0.70%
10/7/14,941.25,940.38,954.88,933.38,-,-0.04%
10/6/14,941.63,913.13,942.63,912.38,-,3.29%
10/3/14,911.63,924.25,927.63,910.63,-,-1.49%
10/2/14,925.38,915.5,925.38,912.63,-,0.87%
10/1/14,917.38,911,919.63,904.38,-,0.55%
9/30/14,912.38,922.25,929.88,910.13,-,-1.08%
9/29/14,922.38,907.75,924.13,905.63,-,1.29%
9/26/14,910.63,922.13,924.63,909.88,-,-1.38%
9/25/14,923.38,935.88,941.38,922.63,-,-1.41%
9/24/14,936.63,934.75,941.88,934.63,-,-0.03%
9/23/14,936.88,936,944.38,931.13,-,-0.12%
9/22/14,938,953.25,954.5,934.38,-,-2.05%
9/19/14,957.63,971.13,971.88,956.25,-,-1.42%
9/18/14,971.38,982.38,986.38,970.88,-,-1.17%
9/17/14,982.88,980.38,987.88,977.88,-,0.11%
9/16/14,981.75,988.63,999.63,976.88,-,-0.62%
9/15/14,987.88,975.75,994.38,975.38,-,0.32%
9/12/14,984.75,979.88,990.13,979.25,-,0.28%
9/11/14,982,992.88,994.63,970,-,-1.19%
9/10/14,993.88,993.88,998.88,990.13,-,0.10%
9/9/14,992.88,"1,007.38","1,008.63",992.13,-,-1.56%
9/8/14,"1,008.63","1,020.38","1,027.88","1,006.38",-,-1.16%
9/5/14,"1,020.50","1,003.25","1,022.38","1,003.25",-,1.73%
9/4/14,"1,003.13","1,019.38","1,021.13","1,001.38",-,-1.67%
9/3/14,"1,020.13","1,027.63","1,028.63","1,012.63",-,-1.20%
9/2/14,"1,032.50","1,020.50","1,037.88","1,020.50",-,0.81%
8/29/14,"1,024.25","1,029.13","1,033.88","1,021.13",-,-0.49%
8/28/14,"1,029.25","1,023.38","1,032.88","1,021.88",-,0.60%
8/27/14,"1,023.13","1,026.38","1,034.63","1,022.13",-,-0.49%
8/26/14,"1,028.13","1,027.25","1,030.38","1,019.88",-,-0.09%
8/25/14,"1,029.00","1,040.75","1,042.00","1,026.13",-,-11.79%
8/22/14,"1,166.50","1,137.50","1,170.38","1,137.50",-,2.66%
8/21/14,"1,136.25","1,119.63","1,139.75","1,119.63",-,1.37%
8/20/14,"1,120.88","1,118.38","1,132.88","1,113.75",-,0.19%
8/19/14,"1,118.75","1,111.88","1,122.25","1,106.50",-,0.42%
8/18/14,"1,114.13","1,101.13","1,121.00","1,098.75",-,1.05%
8/15/14,"1,102.50","1,096.88","1,113.75","1,090.63",-,0.38%
8/14/14,"1,098.38","1,079.38","1,098.63","1,071.88",-,1.75%
8/13/14,"1,079.50","1,094.00","1,102.63","1,078.50",-,-1.39%
8/12/14,"1,094.75","1,109.38","1,114.25","1,079.50",-,-1.20%
8/11/14,"1,108.00","1,110.50","1,128.63","1,105.88",-,-0.53%
8/8/14,"1,113.88","1,097.75","1,114.13","1,097.38",-,1.37%
8/7/14,"1,098.88","1,096.50","1,101.13","1,091.63",-,0.21%
8/6/14,"1,096.63","1,081.50","1,097.25","1,077.75",-,1.48%
8/5/14,"1,080.63","1,090.00","1,090.00","1,074.75",-,-1.32%
8/4/14,"1,095.13","1,070.63","1,095.88","1,069.00",-,1.93%
8/3/14,"1,074.38","1,074.38","1,074.38","1,074.38",-,0.00%
8/1/14,"1,074.38","1,094.50","1,098.25","1,070.00",-,-2.16%
7/31/14,"1,098.13","1,101.38","1,105.88","1,094.25",-,-0.41%
7/30/14,"1,102.63","1,120.50","1,123.63","1,100.13",-,-1.76%
7/29/14,"1,122.38","1,138.50","1,143.50","1,118.25",-,-1.19%
7/28/14,"1,135.88","1,121.75","1,138.50","1,120.13",-,-6.25%
7/25/14,"1,211.63","1,206.25","1,214.25","1,197.88",-,0.29%
7/24/14,"1,208.13","1,199.63","1,232.63","1,199.38",-,0.61%
7/23/14,"1,200.75","1,183.38","1,204.50","1,181.63",-,1.41%
7/22/14,"1,184.00","1,175.38","1,196.38","1,172.75",-,0.57%
7/21/14,"1,177.25","1,173.75","1,185.13","1,166.25",-,-0.04%
7/18/14,"1,177.75","1,175.63","1,184.63","1,171.50",-,0.39%
7/17/14,"1,173.13","1,189.25","1,199.88","1,172.38",-,-1.21%
7/16/14,"1,187.50","1,180.50","1,202.88","1,180.50",-,0.52%
7/15/14,"1,181.38","1,193.50","1,193.63","1,153.50",-,-1.24%
7/14/14,"1,196.25","1,192.00","1,211.38","1,189.75",-,-0.01%
7/11/14,"1,196.38","1,232.25","1,238.13","1,159.88",-,-2.93%
7/10/14,"1,232.50","1,245.63","1,260.63","1,232.38",-,-1.07%
7/9/14,"1,245.88","1,247.50","1,252.88","1,231.38",-,-0.23%
7/8/14,"1,248.75","1,272.00","1,274.63","1,244.13",-,-2.01%
7/7/14,"1,274.38","1,297.00","1,297.75","1,270.13",-,-1.85%
7/6/14,"1,298.38","1,298.38","1,298.38","1,298.38",-,0.00%
7/3/14,"1,298.38","1,316.38","1,321.50","1,297.38",-,-1.23%
7/2/14,"1,314.50","1,329.13","1,334.75","1,311.63",-,-0.98%
7/1/14,"1,327.50","1,327.50","1,334.75","1,304.88",-,0.00%
6/30/14,"1,327.50","1,377.75","1,389.50","1,315.38",-,-3.56%
6/27/14,"1,376.50","1,379.25","1,391.88","1,374.88",-,-0.38%
6/26/14,"1,381.75","1,361.38","1,382.63","1,360.13",-,1.49%
6/25/14,"1,361.50","1,358.38","1,367.25","1,357.25",-,0.22%
6/24/14,"1,358.50","1,362.88","1,364.88","1,351.00",-,-0.49%
6/23/14,"1,365.13","1,365.75","1,377.88","1,349.63",-,-3.75%
6/20/14,"1,418.38","1,420.63","1,422.63","1,402.38",-,-0.15%
6/19/14,"1,420.50","1,408.75","1,421.88","1,406.13",-,0.80%
6/18/14,"1,409.25","1,398.75","1,418.88","1,393.38",-,0.78%
6/17/14,"1,398.38","1,421.25","1,425.13","1,395.88",-,-1.67%
6/16/14,"1,422.13","1,427.00","1,435.50","1,417.63",-,-0.26%
6/13/14,"1,425.88","1,415.00","1,428.63","1,411.38",-,0.61%
6/12/14,"1,417.25","1,443.88","1,452.63","1,410.13",-,-1.95%
6/11/14,"1,445.38","1,461.88","1,466.38","1,445.13",-,-1.12%
6/10/14,"1,461.75","1,457.13","1,475.00","1,454.75",-,0.38%
6/9/14,"1,456.25","1,458.75","1,469.63","1,452.13",-,-0.09%
6/6/14,"1,457.63","1,460.75","1,466.38","1,456.13",-,-0.23%
6/5/14,"1,461.00","1,482.50","1,487.13","1,460.13",-,-1.45%
6/4/14,"1,482.50","1,481.00","1,495.88","1,475.88",-,0.08%
6/3/14,"1,481.25","1,498.00","1,501.88","1,475.13",-,-1.13%
6/2/14,"1,498.13","1,487.13","1,511.63","1,478.50",-,0.47%
5/30/14,"1,491.13","1,500.75","1,506.38","1,491.13",-,-0.51%
5/29/14,"1,498.75","1,498.38","1,508.63","1,493.38",-,0.10%
5/28/14,"1,497.25","1,488.50","1,501.88","1,483.00",-,0.53%
5/27/14,"1,489.38","1,510.75","1,515.38","1,486.63",-,-1.76%
5/23/14,"1,516.13","1,518.88","1,528.88","1,512.38",-,-0.08%
5/22/14,"1,517.38","1,504.88","1,536.63","1,503.13",-,0.73%
5/21/14,"1,506.38","1,469.13","1,506.38","1,467.63",-,2.54%
5/20/14,"1,469.00","1,483.75","1,500.88","1,468.88",-,-0.95%
5/19/14,"1,483.13","1,463.75","1,492.63","1,456.38",-,1.24%
5/16/14,"1,465.00","1,469.00","1,478.25","1,461.63",-,-0.23%
5/15/14,"1,468.38","1,485.25","1,493.63","1,462.63",-,-1.18%
5/14/14,"1,485.88","1,483.25","1,489.38","1,467.13",-,0.10%
5/13/14,"1,484.38","1,463.63","1,484.88","1,460.88",-,1.35%
5/12/14,"1,464.63","1,486.75","1,494.50","1,462.63",-,-1.46%
5/11/14,"1,486.38","1,486.38","1,486.38","1,486.38",-,0.00%
5/9/14,"1,486.38","1,467.25","1,491.25","1,453.75",-,1.18%
5/8/14,"1,469.00","1,447.00","1,470.00","1,446.38",-,1.62%
5/7/14,"1,445.63","1,456.75","1,457.38","1,442.13",-,-0.93%
5/6/14,"1,459.25","1,464.13","1,464.38","1,443.63",-,-0.30%
5/5/14,"1,463.63","1,475.50","1,482.25","1,461.13",-,-0.51%
5/2/14,"1,471.13","1,462.50","1,471.75","1,451.13",-,0.70%
5/1/14,"1,460.88","1,510.63","1,511.88","1,460.13",-,-3.34%
4/30/14,"1,511.38","1,517.50","1,517.75","1,502.38",-,-0.31%
4/29/14,"1,516.13","1,499.50","1,520.38","1,494.25",-,1.17%
4/28/14,"1,498.63","1,496.50","1,512.88","1,490.88",-,-0.03%
4/25/14,"1,499.13","1,472.50","1,499.75","1,472.25",-,1.80%
4/24/14,"1,472.63","1,467.75","1,473.88","1,464.13",-,0.28%
4/23/14,"1,468.50","1,480.38","1,487.13","1,466.75",-,-0.83%
4/22/14,"1,480.75","1,501.13","1,508.63","1,477.13",-,-1.28%
4/21/14,"1,499.88","1,515.00","1,524.88","1,486.00",-,-1.06%
4/17/14,"1,516.00","1,518.00","1,531.63","1,504.13",-,-0.21%
4/16/14,"1,519.25","1,500.50","1,522.38","1,500.25",-,1.22%
4/15/14,"1,501.00","1,476.13","1,509.13","1,473.63",-,1.69%
4/14/14,"1,476.00","1,461.50","1,477.88","1,461.50",-,0.84%
4/11/14,"1,463.75","1,481.88","1,482.00","1,461.00",-,-1.17%
4/10/14,"1,481.13","1,494.00","1,495.00","1,476.38",-,-0.93%
4/9/14,"1,495.00","1,481.88","1,511.63","1,481.63",-,0.80%
4/8/14,"1,483.13","1,464.13","1,483.38","1,462.13",-,1.38%
4/7/14,"1,463.00","1,472.38","1,479.38","1,459.88",-,-0.63%
4/4/14,"1,472.25","1,474.13","1,486.63","1,463.13",-,-0.10%
4/3/14,"1,473.75","1,462.00","1,480.50","1,458.63",-,0.80%
4/2/14,"1,462.13","1,483.38","1,495.88","1,456.13",-,-1.40%
4/1/14,"1,482.88","1,463.25","1,491.38","1,461.38",-,1.40%
3/31/14,"1,462.38","1,433.63","1,466.13","1,424.00",-,1.85%
3/28/14,"1,435.88","1,435.63","1,443.13","1,428.88",-,-0.09%
3/27/14,"1,437.13","1,439.38","1,450.25","1,430.63",-,-0.28%
3/26/14,"1,441.13","1,426.00","1,441.63","1,420.88",-,1.03%
3/25/14,"1,426.50","1,425.13","1,435.88","1,416.13",-,0.05%
3/24/14,"1,425.75","1,403.25","1,432.38","1,394.00",-,1.14%
3/21/14,"1,409.63","1,433.50","1,435.88","1,405.38",-,-1.70%
3/20/14,"1,434.00","1,430.13","1,456.13","1,422.63",-,0.20%
3/19/14,"1,431.13","1,418.88","1,441.50","1,418.13",-,0.88%
3/18/14,"1,418.63","1,389.13","1,419.25","1,384.38",-,1.94%
3/17/14,"1,391.63","1,389.25","1,395.63","1,375.75",-,0.13%
3/14/14,"1,389.75","1,392.88","1,400.75","1,379.63",-,-0.26%
3/13/14,"1,393.38","1,388.38","1,412.25","1,380.88",-,0.41%
3/12/14,"1,387.75","1,405.75","1,406.88","1,365.75",-,-1.73%
3/11/14,"1,412.13","1,417.38","1,428.63","1,410.88",-,-0.45%
3/10/14,"1,418.50","1,454.50","1,456.13","1,414.88",-,-2.83%
3/7/14,"1,459.75","1,436.38","1,459.75","1,435.75",-,1.57%
3/6/14,"1,437.25","1,422.13","1,439.88","1,416.63",-,1.12%
3/5/14,"1,421.38","1,423.88","1,426.38","1,409.63",-,-0.09%
3/4/14,"1,422.63","1,407.13","1,425.63","1,404.63",-,0.94%
3/3/14,"1,409.38","1,417.13","1,437.25","1,402.13",-,-0.34%
2/28/14,"1,414.13","1,389.38","1,414.88","1,377.38",-,1.85%
2/27/14,"1,388.38","1,395.25","1,443.75","1,388.38",-,-0.64%
2/26/14,"1,397.38","1,385.38","1,397.38","1,381.38",-,0.80%
2/25/14,"1,386.25","1,373.00","1,388.13","1,366.13",-,0.89%
2/24/14,"1,374.00","1,360.00","1,377.88","1,358.63",-,0.17%
2/21/14,"1,371.63","1,358.38","1,371.75","1,351.50",-,0.93%
2/20/14,"1,359.00","1,353.38","1,361.13","1,343.88",-,0.30%
2/19/14,"1,354.88","1,360.75","1,371.38","1,351.38",-,-0.48%
2/18/14,"1,361.38","1,337.88","1,361.63","1,335.63",-,1.73%
2/14/14,"1,338.25","1,342.63","1,355.88","1,337.13",-,-0.30%
2/13/14,"1,342.25","1,323.25","1,347.13","1,322.88",-,1.48%
2/12/14,"1,322.63","1,335.13","1,339.88","1,322.13",-,-1.04%
2/11/14,"1,336.50","1,323.63","1,337.13","1,312.63",-,0.84%
2/10/14,"1,325.38","1,327.13","1,339.88","1,318.75",-,-0.43%
2/7/14,"1,331.13","1,323.63","1,332.13","1,320.13",-,0.39%
2/6/14,"1,326.00","1,315.63","1,334.63","1,314.88",-,0.77%
2/5/14,"1,315.88","1,311.88","1,320.88","1,305.38",-,0.28%
2/4/14,"1,312.25","1,292.88","1,315.88","1,291.13",-,1.58%
2/3/14,"1,291.88","1,281.88","1,299.63","1,278.38",-,0.62%
1/31/14,"1,283.88","1,275.38","1,283.88","1,271.63",-,0.65%
1/30/14,"1,275.63","1,269.38","1,286.38","1,260.13",-,0.55%
1/29/14,"1,268.63","1,284.75","1,285.88","1,266.13",-,-1.27%
1/28/14,"1,285.00","1,287.00","1,289.88","1,277.63",-,-0.27%
1/27/14,"1,288.50","1,286.13","1,292.50","1,279.38",-,0.19%
1/24/14,"1,286.00","1,275.88","1,286.88","1,263.63",-,0.83%
1/23/14,"1,275.38","1,279.63","1,296.38","1,275.38",-,-0.38%
1/22/14,"1,280.25","1,279.88","1,285.88","1,272.13",-,-0.02%
1/21/14,"1,280.50","1,312.88","1,313.88","1,280.13",-,-2.74%
1/17/14,"1,316.63","1,313.38","1,318.38","1,305.63",-,0.10%
1/16/14,"1,315.38","1,316.88","1,329.88","1,311.13",-,-0.19%
1/15/14,"1,317.88","1,305.75","1,320.88","1,303.38",-,0.89%
1/14/14,"1,306.25","1,292.75","1,316.63","1,288.88",-,0.89%
1/13/14,"1,294.75","1,278.00","1,296.25","1,266.63",-,1.35%
1/10/14,"1,277.50","1,273.63","1,296.63","1,271.63",-,0.27%
1/9/14,"1,274.00","1,268.38","1,277.88","1,267.38",-,0.34%
1/8/14,"1,269.63","1,274.88","1,275.88","1,267.25",-,-0.38%
1/7/14,"1,274.50","1,277.88","1,282.88","1,266.13",-,-0.28%
1/6/14,"1,278.13","1,273.75","1,282.00","1,269.63",-,0.50%
1/3/14,"1,271.75","1,270.25","1,278.38","1,265.13",-,0.08%
1/2/14,"1,270.75","1,291.63","1,291.63","1,262.63",-,-1.44%
1/1/14,"1,289.38","1,289.38","1,289.38","1,289.38",-,0.00%
12/31/13,"1,289.38","1,307.63","1,310.88","1,289.38",-,-1.49%
12/30/13,"1,308.88","1,306.88","1,315.88","1,299.88",-,-1.72%
12/27/13,"1,331.75","1,318.75","1,332.38","1,318.75",-,0.91%
12/26/13,"1,319.75","1,333.50","1,333.50","1,316.63",-,-1.03%
12/24/13,"1,333.50","1,328.75","1,337.88","1,325.38",-,0.39%
12/23/13,"1,328.38","1,344.38","1,346.50","1,327.13",-,-0.74%
12/20/13,"1,338.25","1,325.75","1,344.88","1,321.88",-,0.81%
12/19/13,"1,327.50","1,325.50","1,329.50","1,315.88",-,0.22%
12/18/13,"1,324.63","1,344.13","1,350.88","1,323.38",-,-1.49%
12/17/13,"1,344.63","1,336.13","1,349.88","1,328.63",-,0.60%
12/16/13,"1,336.63","1,327.88","1,343.38","1,319.13",-,0.72%
12/13/13,"1,327.13","1,323.50","1,327.88","1,312.38",-,0.11%
12/12/13,"1,325.63","1,343.38","1,346.88","1,318.63",-,-1.36%
12/11/13,"1,343.88","1,339.13","1,345.25","1,334.63",-,0.38%
12/10/13,"1,338.75","1,342.75","1,353.38","1,331.13",-,-0.35%
12/9/13,"1,343.50","1,324.63","1,346.38","1,324.63",-,1.35%
12/6/13,"1,325.63","1,327.50","1,327.75","1,316.63",-,-0.21%
12/5/13,"1,328.38","1,328.13","1,332.75","1,316.25",-,0.00%
12/4/13,"1,328.38","1,320.25","1,334.38","1,311.75",-,0.69%
12/3/13,"1,319.25","1,320.75","1,328.88","1,311.50",-,-0.14%
12/2/13,"1,321.13","1,335.88","1,345.88","1,319.63",-,-1.19%
11/29/13,"1,337.00","1,328.38","1,339.38","1,327.38",-,1.35%
11/27/13,"1,319.25","1,327.50","1,340.88","1,318.38",-,-0.72%
11/26/13,"1,328.88","1,327.88","1,330.38","1,316.88",-,0.06%
11/25/13,"1,328.13","1,318.63","1,334.38","1,309.38",-,0.66%
11/24/13,"1,319.38","1,319.38","1,319.38","1,319.38",-,0.00%
11/22/13,"1,319.38","1,290.88","1,321.38","1,290.63",-,2.09%
11/21/13,"1,292.38","1,275.75","1,292.38","1,275.63",-,1.35%
11/20/13,"1,275.13","1,279.13","1,283.38","1,270.38",-,-0.31%
11/19/13,"1,279.13","1,285.88","1,293.00","1,268.38",-,-0.67%
11/18/13,"1,287.75","1,280.13","1,289.88","1,276.75",-,0.63%
11/15/13,"1,279.63","1,312.75","1,315.63","1,278.63",-,-2.59%
11/14/13,"1,313.63","1,314.00","1,320.50","1,305.13",-,-0.07%
11/13/13,"1,314.50","1,313.25","1,317.63","1,307.63",-,0.07%
11/12/13,"1,313.63","1,299.50","1,319.63","1,295.63",-,1.06%
11/11/13,"1,299.88","1,294.63","1,304.63","1,288.38",-,0.36%
11/8/13,"1,295.25","1,264.75","1,297.38","1,262.00",-,2.22%
11/7/13,"1,267.13","1,254.25","1,274.63","1,251.38",-,0.84%
11/6/13,"1,256.63","1,249.63","1,260.88","1,249.38",-,0.47%
11/5/13,"1,250.75","1,256.25","1,261.88","1,247.13",-,-0.40%
11/4/13,"1,255.75","1,251.88","1,262.88","1,250.38",-,0.27%
11/1/13,"1,252.38","1,265.88","1,271.25","1,250.38",-,-1.05%
10/31/13,"1,265.63","1,274.63","1,287.38","1,265.38",-,-0.78%
10/30/13,"1,275.63","1,270.75","1,280.13","1,270.75",-,0.34%
10/29/13,"1,271.25","1,266.50","1,274.38","1,264.63",-,0.31%
10/28/13,"1,267.38","1,292.88","1,294.25","1,267.13",-,-2.50%
10/25/13,"1,299.88","1,308.75","1,312.88","1,299.63",-,-0.74%
10/24/13,"1,309.63","1,309.38","1,317.88","1,306.13",-,0.08%
10/23/13,"1,308.63","1,299.25","1,318.63","1,296.88",-,0.62%
10/22/13,"1,300.50","1,301.13","1,305.38","1,292.13",-,-0.12%
10/21/13,"1,302.13","1,289.13","1,303.88","1,288.63",-,0.89%
10/18/13,"1,290.63","1,291.50","1,301.38","1,287.63",-,-0.08%
10/17/13,"1,291.63","1,276.38","1,295.50","1,274.88",-,1.09%
10/16/13,"1,277.75","1,266.88","1,279.38","1,266.13",-,0.87%
10/15/13,"1,266.75","1,271.13","1,276.63","1,264.63",-,-0.38%
10/14/13,"1,271.63","1,262.88","1,279.88","1,261.88",-,0.30%
10/11/13,"1,267.88","1,285.38","1,287.88","1,266.38",-,-1.51%
10/10/13,"1,287.38","1,286.88","1,301.88","1,285.63",-,0.05%
10/9/13,"1,286.75","1,287.13","1,292.88","1,281.63",-,-0.16%
10/8/13,"1,288.88","1,296.75","1,305.63","1,283.88",-,-0.51%
10/7/13,"1,295.50","1,293.88","1,304.75","1,288.63",-,-0.05%
10/4/13,"1,296.13","1,286.38","1,297.88","1,280.13",-,0.77%
10/3/13,"1,286.25","1,273.63","1,289.50","1,271.38",-,0.92%
10/2/13,"1,274.50","1,268.38","1,281.63","1,263.88",-,0.46%
10/1/13,"1,268.63","1,278.38","1,278.63","1,263.63",-,-1.00%
9/30/13,"1,281.38","1,310.88","1,316.88","1,281.38",-,-2.94%
9/27/13,"1,320.25","1,316.13","1,327.50","1,311.75",-,0.22%
9/26/13,"1,317.38","1,320.63","1,322.50","1,311.38",-,-0.34%
9/25/13,"1,321.88","1,311.88","1,327.63","1,306.63",-,0.73%
9/24/13,"1,312.25","1,306.25","1,322.63","1,305.50",-,0.32%
9/23/13,"1,308.13","1,308.50","1,317.38","1,305.63",-,-0.61%
9/20/13,"1,316.13","1,339.75","1,340.00","1,311.88",-,-1.78%
9/19/13,"1,340.00","1,353.38","1,361.13","1,331.75",-,-0.58%
9/18/13,"1,347.88","1,341.63","1,349.63","1,335.13",-,0.46%
9/17/13,"1,341.75","1,349.25","1,366.38","1,332.13",-,-0.49%
9/16/13,"1,348.38","1,372.63","1,375.13","1,343.38",-,-2.42%
9/13/13,"1,381.88","1,397.50","1,399.88","1,380.88",-,-1.11%
9/12/13,"1,397.38","1,358.88","1,398.13","1,341.63",-,2.87%
9/11/13,"1,358.38","1,357.00","1,361.38","1,348.88",-,0.15%
9/10/13,"1,356.38","1,347.38","1,363.13","1,340.63",-,0.08%
9/9/13,"1,355.25","1,380.75","1,383.88","1,351.38",-,-1.05%
9/6/13,"1,369.63","1,368.63","1,377.13","1,358.88",-,0.14%
9/5/13,"1,367.75","1,355.38","1,367.75","1,335.13",-,1.13%
9/4/13,"1,352.50","1,386.25","1,387.00","1,341.88",-,-2.41%
9/3/13,"1,385.88","1,393.88","1,408.38","1,379.00",-,2.17%
8/30/13,"1,356.38","1,369.38","1,369.38","1,346.13",-,-0.93%
8/29/13,"1,369.13","1,376.00","1,382.38","1,361.50",-,-0.38%
8/28/13,"1,374.38","1,373.38","1,387.75","1,362.38",-,0.09%
8/27/13,"1,373.13","1,386.88","1,409.38","1,368.63",-,-1.19%
8/26/13,"1,389.63","1,349.00","1,398.13","1,348.63",-,1.96%
8/23/13,"1,362.88","1,326.63","1,368.75","1,326.63",-,2.96%
8/22/13,"1,323.75","1,327.63","1,341.88","1,316.63",-,-0.52%
8/21/13,"1,330.63","1,308.25","1,335.63","1,304.38",-,1.63%
8/20/13,"1,309.25","1,321.63","1,326.63","1,304.13",-,-0.97%
8/19/13,"1,322.13","1,297.25","1,323.00","1,297.25",-,3.03%
8/16/13,"1,283.25","1,287.88","1,295.38","1,282.88",-,-0.45%
8/15/13,"1,289.00","1,272.63","1,293.75","1,271.00",-,1.61%
8/14/13,"1,268.63","1,256.38","1,270.88","1,243.38",-,0.85%
8/13/13,"1,257.88","1,254.25","1,268.88","1,252.50",-,0.11%
8/12/13,"1,256.50","1,222.88","1,258.50","1,216.75",-,3.02%
8/9/13,"1,219.63","1,227.88","1,240.88","1,216.13",-,-0.70%
8/8/13,"1,228.25","1,199.13","1,232.88","1,198.88",-,2.42%
8/7/13,"1,199.25","1,192.88","1,208.63","1,192.63",-,0.43%
8/6/13,"1,194.13","1,207.50","1,209.88","1,192.63",-,-1.20%
8/5/13,"1,208.63","1,211.13","1,214.38","1,186.88",-,-0.27%
8/2/13,"1,211.88","1,234.88","1,247.75","1,208.13",-,-1.89%
8/1/13,"1,235.25","1,247.63","1,252.25","1,230.50",-,-0.96%
7/31/13,"1,247.25","1,247.63","1,253.63","1,237.50",-,-0.05%
7/30/13,"1,247.88","1,271.88","1,279.88","1,247.88",-,-1.92%
7/29/13,"1,272.25","1,271.38","1,276.13","1,257.13",-,-5.76%
7/26/13,"1,350.00","1,351.75","1,360.25","1,330.88",-,-0.27%
7/25/13,"1,353.63","1,385.63","1,396.25","1,348.75",-,-2.78%
7/24/13,"1,392.38","1,459.63","1,466.50","1,392.25",-,-4.74%
7/23/13,"1,461.63","1,514.38","1,526.13","1,460.88",-,-3.88%
7/22/13,"1,520.63","1,493.50","1,525.25","1,487.00",-,2.06%
7/19/13,"1,489.88","1,470.13","1,492.63","1,470.13",-,1.21%
7/18/13,"1,472.00","1,475.00","1,477.38","1,458.75",-,-0.46%
7/17/13,"1,478.88","1,475.38","1,481.25","1,464.88",-,0.27%
7/16/13,"1,474.88","1,456.75","1,487.38","1,453.38",-,1.51%
7/15/13,"1,453.00","1,422.63","1,457.88","1,419.75",-,1.74%
7/12/13,"1,428.13","1,473.88","1,477.75","1,427.75",-,-3.12%
7/11/13,"1,474.13","1,463.75","1,476.00","1,460.63",-,0.56%
7/10/13,"1,465.88","1,466.75","1,478.88","1,462.38",-,-0.08%
7/9/13,"1,467.00","1,456.25","1,479.13","1,452.50",-,0.76%
7/8/13,"1,455.88","1,430.25","1,459.13","1,426.75",-,1.66%
7/5/13,"1,432.13","1,441.13","1,443.13","1,431.88",-,-0.66%
7/4/13,"1,441.63","1,441.63","1,441.63","1,441.63",-,0.00%
7/3/13,"1,441.63","1,434.00","1,449.88","1,433.38",-,0.50%
7/2/13,"1,434.50","1,434.75","1,444.88","1,430.38",-,-0.05%
7/1/13,"1,435.25","1,427.13","1,453.63","1,420.63",-,0.41%
6/28/13,"1,429.38","1,429.63","1,446.25","1,413.00",-,-0.16%
6/27/13,"1,431.63","1,424.13","1,436.88","1,421.50",-,0.38%
6/26/13,"1,426.25","1,427.75","1,432.25","1,420.38",-,-0.18%
6/25/13,"1,428.88","1,422.00","1,433.13","1,417.13",-,0.48%
6/24/13,"1,422.00","1,404.50","1,422.25","1,401.50",-,-4.66%
6/21/13,"1,491.50","1,497.38","1,505.50","1,489.00",-,-0.53%
6/20/13,"1,499.50","1,520.88","1,521.88","1,496.00",-,-1.31%
6/19/13,"1,519.38","1,512.75","1,526.88","1,505.38",-,0.45%
6/18/13,"1,512.63","1,511.88","1,529.88","1,510.13",-,0.01%
6/17/13,"1,512.50","1,508.75","1,519.13","1,493.38",-,-0.27%
6/14/13,"1,516.63","1,508.25","1,521.88","1,506.13",-,0.47%
6/13/13,"1,509.50","1,540.38","1,543.50","1,506.63",-,-1.97%
6/12/13,"1,539.88","1,540.25","1,558.50","1,531.63",-,-0.15%
6/11/13,"1,542.13","1,515.63","1,542.13","1,515.13",-,1.85%
6/10/13,"1,514.13","1,522.88","1,525.88","1,502.63",-,-0.76%
6/7/13,"1,525.75","1,528.75","1,541.75","1,521.63",-,-0.22%
6/6/13,"1,529.13","1,532.88","1,534.25","1,519.38",-,-0.16%
6/5/13,"1,531.63","1,528.75","1,548.63","1,523.38",-,0.12%
6/4/13,"1,529.75","1,531.50","1,532.88","1,518.25",-,-0.20%
6/3/13,"1,532.75","1,509.38","1,540.63","1,509.38",-,1.50%
5/31/13,"1,510.13","1,496.63","1,522.25","1,496.25",-,1.00%
5/30/13,"1,495.13","1,502.13","1,507.63","1,487.38",-,-0.49%
5/29/13,"1,502.50","1,505.75","1,518.88","1,490.13",-,-0.39%
5/28/13,"1,508.38","1,475.13","1,527.38","1,475.13",-,2.25%
5/24/13,"1,475.25","1,491.50","1,505.63","1,471.63",-,-1.24%
5/23/13,"1,493.75","1,492.75","1,546.38","1,487.75",-,-0.04%
5/22/13,"1,494.38","1,476.88","1,494.63","1,470.88",-,1.06%
5/21/13,"1,478.75","1,461.50","1,478.88","1,456.50",-,0.93%
5/20/13,"1,465.13","1,446.63","1,465.38","1,443.63",-,1.15%
5/17/13,"1,448.50","1,426.75","1,449.13","1,424.38",-,1.36%
5/16/13,"1,429.13","1,413.13","1,430.88","1,408.38",-,1.08%
5/15/13,"1,413.88","1,415.25","1,422.63","1,402.63",-,-0.18%
5/14/13,"1,416.38","1,418.75","1,425.63","1,405.13",-,-0.22%
5/13/13,"1,419.50","1,394.75","1,422.88","1,394.00",-,1.49%
5/10/13,"1,398.63","1,407.50","1,419.38","1,390.50",-,-0.76%
5/9/13,"1,409.38","1,390.13","1,409.38","1,387.25",-,1.29%
5/8/13,"1,391.38","1,382.75","1,402.88","1,379.25",-,0.64%
5/7/13,"1,382.50","1,369.13","1,383.88","1,367.63",-,1.04%
5/6/13,"1,368.25","1,381.75","1,394.63","1,366.38",-,-1.38%
5/3/13,"1,387.38","1,372.63","1,399.63","1,372.38",-,0.98%
5/2/13,"1,373.88","1,373.38","1,383.13","1,368.13",-,0.09%
5/1/13,"1,372.63","1,396.13","1,397.88","1,365.63",-,-1.71%
4/30/13,"1,396.50","1,407.75","1,423.63","1,396.50",-,-0.86%
4/29/13,"1,408.63","1,380.13","1,410.38","1,378.13",-,-1.56%
4/26/13,"1,431.00","1,420.50","1,431.88","1,417.38",-,0.49%
4/25/13,"1,424.00","1,405.00","1,424.13","1,403.75",-,1.40%
4/24/13,"1,404.38","1,419.75","1,425.88","1,402.13",-,-1.04%
4/23/13,"1,419.13","1,417.13","1,429.88","1,417.13",-,0.08%
4/22/13,"1,418.00","1,423.63","1,426.88","1,408.13",-,-0.66%
4/19/13,"1,427.38","1,431.50","1,440.88","1,422.13",-,-0.31%
4/18/13,"1,431.75","1,420.38","1,441.13","1,419.38",-,0.75%
4/17/13,"1,421.13","1,411.13","1,429.38","1,406.13",-,0.62%
4/16/13,"1,412.38","1,394.13","1,416.63","1,389.13",-,1.18%
4/15/13,"1,395.88","1,413.00","1,419.63","1,394.38",-,-1.23%
4/12/13,"1,413.25","1,401.88","1,418.88","1,399.63",-,0.82%
4/11/13,"1,401.75","1,392.75","1,405.88","1,382.63",-,0.62%
4/10/13,"1,393.13","1,393.88","1,409.38","1,386.13",-,-0.19%
4/9/13,"1,395.75","1,379.00","1,396.88","1,375.63",-,1.33%
4/8/13,"1,377.38","1,360.00","1,379.88","1,356.38",-,1.11%
4/5/13,"1,362.25","1,368.13","1,369.13","1,354.63",-,-0.44%
4/4/13,"1,368.25","1,381.88","1,382.63","1,361.13",-,-0.98%
4/3/13,"1,381.75","1,392.38","1,393.63","1,375.63",-,-0.77%
4/2/13,"1,392.50","1,393.88","1,405.63","1,386.13",-,-0.09%
4/1/13,"1,393.75","1,406.75","1,407.00","1,386.63",-,-0.93%
3/31/13,"1,406.88","1,402.50","1,408.13","1,400.13",-,0.18%
3/28/13,"1,404.38","1,453.63","1,459.63","1,397.63",-,-3.38%
3/27/13,"1,453.50","1,446.38","1,457.63","1,443.75",-,0.48%
3/26/13,"1,446.50","1,437.63","1,449.38","1,434.25",-,0.63%
3/25/13,"1,437.38","1,441.75","1,445.38","1,430.75",-,-0.31%
3/24/13,"1,441.88","1,440.63","1,443.25","1,440.63",-,0.16%
3/22/13,"1,439.63","1,447.25","1,448.38","1,433.13",-,-0.54%
3/21/13,"1,447.38","1,423.13","1,449.88","1,421.88",-,1.70%
3/20/13,"1,423.25","1,411.13","1,424.38","1,408.88",-,0.84%
3/19/13,"1,411.38","1,410.38","1,418.63","1,403.13",-,0.08%
3/18/13,"1,410.25","1,415.63","1,418.63","1,404.38",-,-0.35%
3/17/13,"1,415.25","1,424.88","1,424.88","1,415.25",-,-0.78%
3/15/13,"1,426.38","1,436.75","1,444.88","1,422.88",-,-0.71%
3/14/13,"1,436.63","1,448.13","1,449.88","1,429.13",-,-0.80%
3/13/13,"1,448.25","1,468.50","1,468.63","1,440.38",-,-1.37%
3/12/13,"1,468.38","1,478.25","1,480.75","1,465.13",-,-0.68%
3/11/13,"1,478.38","1,477.50","1,482.88","1,467.88",-,0.07%
3/10/13,"1,477.38","1,474.50","1,483.88","1,474.50",-,0.32%
3/8/13,"1,472.63","1,472.25","1,484.13","1,450.50",-,0.03%
3/7/13,"1,472.13","1,462.50","1,474.50","1,460.88",-,0.64%
3/6/13,"1,462.75","1,466.50","1,474.88","1,455.88",-,-0.25%
3/5/13,"1,466.38","1,463.50","1,481.50","1,459.13",-,0.24%
3/4/13,"1,462.88","1,444.25","1,464.38","1,434.38",-,1.30%
3/3/13,"1,444.13","1,441.50","1,446.75","1,440.63",-,-0.03%
3/1/13,"1,444.50","1,449.00","1,457.63","1,433.38",-,-0.29%
2/28/13,"1,448.75","1,439.50","1,467.25","1,434.13",-,0.65%
2/27/13,"1,439.38","1,435.75","1,448.38","1,425.13",-,0.24%
2/26/13,"1,435.88","1,434.88","1,442.50","1,420.63",-,0.08%
2/25/13,"1,434.75","1,444.63","1,452.88","1,421.63",-,-0.70%
2/24/13,"1,444.88","1,443.00","1,446.13","1,435.38",-,-1.03%
2/22/13,"1,459.88","1,490.00","1,516.38","1,459.88",-,-2.03%
2/21/13,"1,490.13","1,479.38","1,494.13","1,470.75",-,0.74%
2/20/13,"1,479.25","1,471.00","1,491.75","1,469.38",-,0.55%
2/19/13,"1,471.13","1,434.13","1,473.88","1,433.88",-,3.20%
2/15/13,"1,425.50","1,421.25","1,427.63","1,415.13",-,0.32%
2/14/13,"1,421.00","1,425.75","1,428.63","1,406.25",-,-0.34%
2/13/13,"1,425.88","1,425.88","1,428.63","1,404.63",-,-0.01%
2/12/13,"1,426.00","1,433.38","1,438.38","1,417.13",-,-0.52%
2/11/13,"1,433.50","1,441.38","1,442.13","1,429.38",-,-0.51%
2/10/13,"1,440.88","1,449.88","1,449.88","1,432.38",-,-0.86%
2/8/13,"1,453.38","1,486.38","1,494.63","1,451.88",-,-2.20%
2/7/13,"1,486.13","1,486.13","1,496.88","1,478.13",-,0.01%
2/6/13,"1,486.00","1,493.13","1,493.75","1,477.13",-,-0.47%
2/5/13,"1,493.00","1,488.88","1,496.13","1,478.13",-,0.26%
2/4/13,"1,489.13","1,481.13","1,497.88","1,475.63",-,0.52%
2/3/13,"1,481.38","1,483.38","1,484.88","1,478.50",-,0.36%
2/1/13,"1,476.13","1,470.88","1,486.38","1,463.88",-,0.37%
1/31/13,"1,470.63","1,477.88","1,484.00","1,455.88",-,-0.50%
1/30/13,"1,478.00","1,450.38","1,481.63","1,447.13",-,1.92%
1/29/13,"1,450.13","1,445.13","1,457.88","1,441.13",-,0.33%
1/28/13,"1,445.38","1,451.38","1,452.38","1,434.88",-,-0.40%
1/27/13,"1,451.13","1,446.38","1,451.88","1,446.13",-,0.73%
1/25/13,"1,440.63","1,439.13","1,444.75","1,426.13",-,0.11%
1/24/13,"1,439.00","1,431.50","1,441.75","1,415.13",-,0.53%
1/23/13,"1,431.38","1,448.75","1,457.63","1,430.38",-,-1.19%
1/22/13,"1,448.63","1,440.38","1,460.63","1,436.13",-,1.42%
1/20/13,"1,428.38","1,428.38","1,428.38","1,428.38",-,0.00%
1/18/13,"1,428.38","1,436.63","1,438.38","1,421.13",-,-0.59%
1/17/13,"1,436.88","1,438.75","1,447.88","1,422.88",-,-0.14%
1/16/13,"1,438.88","1,416.25","1,439.38","1,414.50",-,1.62%
1/15/13,"1,415.88","1,417.63","1,435.63","1,408.13",-,-0.14%
1/14/13,"1,417.88","1,386.50","1,422.88","1,384.75",-,2.28%
1/13/13,"1,386.25","1,377.00","1,387.13","1,377.00",-,0.75%
1/11/13,"1,375.88","1,376.38","1,381.38","1,352.63",-,-0.05%
1/10/13,"1,376.50","1,387.38","1,394.38","1,373.13",-,-0.77%
1/9/13,"1,387.25","1,384.50","1,392.88","1,380.38",-,0.21%
1/8/13,"1,384.38","1,390.50","1,393.63","1,376.88",-,-0.45%
1/7/13,"1,390.63","1,363.38","1,392.63","1,360.63",-,2.01%
1/6/13,"1,363.25","1,367.13","1,367.25","1,357.63",-,-0.18%
1/4/13,"1,365.75","1,391.38","1,397.13","1,356.13",-,-1.83%
1/3/13,"1,391.25","1,393.13","1,395.63","1,372.63",-,-0.13%
1/2/13,"1,393.13","1,432.63","1,433.00","1,386.38",-,-1.09%
12/31/12,"1,408.50","1,417.63","1,425.13","1,400.88",-,-0.63%
12/30/12,"1,417.50","1,415.63","1,420.63","1,415.63",-,0.08%
12/28/12,"1,416.38","1,418.00","1,427.25","1,412.88",-,-0.13%
12/27/12,"1,418.25","1,420.25","1,429.25","1,411.38",-,-0.15%
12/26/12,"1,420.38","1,435.88","1,441.88","1,415.13",-,-1.08%
12/24/12,"1,435.88","1,436.88","1,439.88","1,425.75",-,-0.05%
12/23/12,"1,436.63","1,431.38","1,441.38","1,430.13",-,0.47%
12/21/12,"1,429.88","1,413.88","1,438.63","1,412.63",-,1.12%
12/20/12,"1,414.00","1,438.63","1,441.13","1,403.13",-,-1.72%
12/19/12,"1,438.75","1,470.75","1,472.13","1,433.13",-,-2.18%
12/18/12,"1,470.88","1,496.63","1,501.88","1,462.63",-,-1.71%
12/17/12,"1,496.50","1,502.88","1,508.63","1,492.63",-,-0.43%
12/16/12,"1,503.00","1,496.13","1,504.25","1,495.88",-,0.51%
12/14/12,"1,495.38","1,478.63","1,496.88","1,475.38",-,1.14%
12/13/12,"1,478.50","1,473.00","1,489.88","1,465.13",-,0.36%
12/12/12,"1,473.13","1,472.13","1,478.63","1,458.00",-,0.07%
12/11/12,"1,472.13","1,473.63","1,486.88","1,464.88",-,-0.09%
12/10/12,"1,473.50","1,468.38","1,476.88","1,453.25",-,0.36%
12/9/12,"1,468.25","1,469.75","1,471.25","1,467.63",-,-0.28%
12/7/12,"1,472.38","1,487.13","1,497.88","1,470.25",-,-1.00%
12/6/12,"1,487.25","1,487.13","1,492.13","1,473.38",-,0.03%
12/5/12,"1,486.88","1,463.13","1,487.88","1,458.50",-,1.64%
12/4/12,"1,462.88","1,457.63","1,464.50","1,436.13",-,0.39%
12/3/12,"1,457.25","1,444.00","1,462.63","1,442.38",-,1.15%
12/2/12,"1,440.63","1,440.63","1,440.63","1,440.63",-,0.00%
11/30/12,"1,440.63","1,451.13","1,451.38","1,429.13",-,-0.71%
11/29/12,"1,450.88","1,447.00","1,459.88","1,441.63",-,0.26%
11/28/12,"1,447.13","1,450.25","1,455.38","1,440.13",-,-0.24%
11/27/12,"1,450.63","1,427.63","1,456.63","1,427.38",-,1.59%
11/26/12,"1,427.88","1,421.13","1,435.38","1,418.63",-,0.47%
11/25/12,"1,421.25","1,419.88","1,423.75","1,416.88",-,0.33%
11/23/12,"1,416.63","1,422.25","1,426.50","1,414.88",-,0.68%
11/21/12,"1,407.13","1,410.88","1,423.88","1,399.63",-,-0.26%
11/20/12,"1,410.75","1,398.25","1,415.63","1,381.13",-,0.88%
11/19/12,"1,398.38","1,391.63","1,402.63","1,390.25",-,0.49%
11/18/12,"1,391.50","1,386.88","1,392.38","1,385.75",-,0.57%
11/16/12,"1,383.63","1,401.38","1,409.00","1,372.38",-,-1.28%
11/15/12,"1,401.50","1,422.50","1,427.63","1,400.63",-,-1.46%
11/14/12,"1,422.25","1,414.38","1,428.38","1,408.63",-,0.57%
11/13/12,"1,414.13","1,409.13","1,417.38","1,391.38",-,0.35%
11/12/12,"1,409.25","1,439.38","1,439.88","1,402.13",-,-2.08%
11/11/12,"1,439.25","1,447.38","1,448.38","1,437.88",-,-0.84%
11/9/12,"1,451.38","1,495.63","1,498.88","1,450.50",-,-2.95%
11/8/12,"1,495.50","1,505.38","1,513.50","1,494.13",-,-0.65%
11/7/12,"1,505.25","1,517.88","1,521.50","1,497.63",-,-0.82%
11/6/12,"1,517.63","1,509.88","1,522.88","1,508.50",-,0.53%
11/5/12,"1,509.63","1,519.00","1,524.25","1,502.13",-,-0.61%
11/4/12,"1,518.88","1,521.13","1,521.63","1,516.38",-,-0.47%
11/2/12,"1,526.00","1,559.25","1,559.88","1,524.38",-,-2.14%
11/1/12,"1,559.38","1,551.00","1,571.13","1,550.75",-,0.55%
10/31/12,"1,550.88","1,537.38","1,558.63","1,536.88",-,0.89%
10/30/12,"1,537.25","1,530.63","1,550.88","1,528.25",-,0.42%
10/29/12,"1,530.75","1,557.13","1,557.38","1,526.38",-,-1.69%
10/28/12,"1,557.00","1,561.13","1,563.13","1,556.13",-,-0.23%
10/26/12,"1,560.63","1,559.38","1,566.63","1,552.63",-,0.09%
10/25/12,"1,559.25","1,568.00","1,574.38","1,557.38",-,-0.55%
10/24/12,"1,567.88","1,551.38","1,574.63","1,549.50",-,1.07%
10/23/12,"1,551.25","1,547.75","1,554.63","1,529.13",-,0.22%
10/22/12,"1,547.88","1,533.50","1,558.38","1,532.50",-,0.95%
10/21/12,"1,533.38","1,531.25","1,534.13","1,526.88",-,0.01%
10/19/12,"1,533.25","1,545.63","1,555.63","1,532.38",-,-0.78%
10/18/12,"1,545.25","1,511.00","1,548.38","1,509.75",-,2.25%
10/17/12,"1,511.25","1,491.38","1,511.88","1,487.25",-,1.33%
10/16/12,"1,491.38","1,502.00","1,514.38","1,490.13",-,-0.72%
10/15/12,"1,502.13","1,504.88","1,508.50","1,485.88",-,-0.19%
10/14/12,"1,505.00","1,522.38","1,522.38","1,502.38",-,-1.14%
10/12/12,"1,522.38","1,552.88","1,553.00","1,510.13",-,-1.97%
10/11/12,"1,553.00","1,524.25","1,567.63","1,521.50",-,1.88%
10/10/12,"1,524.38","1,541.88","1,549.88","1,518.63",-,-1.14%
10/9/12,"1,542.00","1,549.25","1,573.75","1,538.38",-,-0.46%
10/8/12,"1,549.13","1,552.75","1,560.88","1,537.63",-,-0.23%
10/7/12,"1,552.63","1,552.25","1,556.88","1,548.63",-,0.02%
10/5/12,"1,552.25","1,556.00","1,569.00","1,545.63",-,-0.22%
10/4/12,"1,555.75","1,534.50","1,568.38","1,532.63",-,1.36%
10/3/12,"1,534.88","1,524.50","1,543.63","1,504.13",-,0.69%
10/2/12,"1,524.38","1,555.13","1,561.25","1,523.38",-,-1.99%
10/1/12,"1,555.25","1,592.00","1,596.75","1,551.75",-,-2.30%
9/30/12,"1,591.88","1,596.50","1,599.88","1,590.88",-,-0.41%
9/28/12,"1,598.38","1,576.13","1,613.63","1,561.50",-,1.40%
9/27/12,"1,576.25","1,577.88","1,583.88","1,557.63",-,-0.11%
9/26/12,"1,578.00","1,610.38","1,610.88","1,565.13",-,-2.09%
9/25/12,"1,611.63","1,607.75","1,625.38","1,604.38",-,0.25%
9/24/12,"1,607.63","1,615.63","1,617.13","1,590.38",-,-0.49%
9/23/12,"1,615.50","1,621.50","1,625.88","1,612.63",-,-0.55%
9/21/12,"1,624.38","1,625.00","1,638.75","1,607.63",-,-0.03%
9/20/12,"1,624.88","1,682.88","1,683.75","1,616.13",-,-3.43%
9/19/12,"1,682.63","1,649.13","1,685.75","1,648.88",-,2.02%
9/18/12,"1,649.25","1,661.25","1,668.75","1,630.63",-,-0.73%
9/17/12,"1,661.38","1,729.37","1,731.75","1,654.63",-,-3.93%
9/16/12,"1,729.25","1,733.63","1,736.38","1,726.87",-,-0.52%
9/14/12,"1,738.25","1,745.62","1,765.13","1,737.62",-,-0.41%
9/13/12,"1,745.38","1,746.13","1,749.63","1,732.88",-,-0.04%
9/12/12,"1,746.00","1,699.63","1,749.88","1,693.63",-,2.72%
9/11/12,"1,699.75","1,720.75","1,728.88","1,696.88",-,-1.21%
9/10/12,"1,720.62","1,727.38","1,744.13","1,716.63",-,-0.38%
9/9/12,"1,727.25","1,729.37","1,731.88","1,719.25",-,-0.35%
9/7/12,"1,733.25","1,744.13","1,751.63","1,726.38",-,-0.61%
9/6/12,"1,743.87","1,733.12","1,753.63","1,725.63",-,0.63%
9/5/12,"1,732.88","1,764.88","1,769.63","1,731.13",-,-1.81%
9/4/12,"1,764.75","1,772.63","1,788.88","1,755.63",-,0.59%
8/31/12,"1,754.37","1,761.75","1,761.88","1,745.62",-,-0.41%
8/30/12,"1,761.63","1,750.12","1,770.62","1,735.50",-,0.66%
8/29/12,"1,750.00","1,718.50","1,754.88","1,716.88",-,1.83%
8/28/12,"1,718.63","1,716.38","1,730.88","1,701.13",-,0.12%
8/27/12,"1,716.63","1,754.00","1,760.63","1,714.13",-,-2.12%
8/26/12,"1,753.88","1,740.50","1,754.13","1,738.88",-,0.92%
8/24/12,"1,737.88","1,727.13","1,749.13","1,725.12",-,0.62%
8/23/12,"1,727.25","1,754.75","1,764.88","1,720.13",-,-1.56%
8/22/12,"1,754.63","1,751.38","1,755.62","1,735.00",-,0.18%
8/21/12,"1,751.50","1,708.13","1,754.75","1,703.38",-,2.55%
8/20/12,"1,708.00","1,674.25","1,708.25","1,666.88",-,2.01%
8/19/12,"1,674.38","1,671.00","1,676.38","1,669.38",-,0.17%
8/17/12,"1,671.50","1,653.25","1,672.38","1,650.63",-,1.13%
8/16/12,"1,652.88","1,665.13","1,672.63","1,646.50",-,-0.73%
8/15/12,"1,665.00","1,626.00","1,666.38","1,625.75",-,2.37%
8/14/12,"1,626.38","1,629.75","1,634.88","1,610.25",-,-0.21%
8/13/12,"1,629.88","1,667.38","1,670.75","1,618.50",-,-2.24%
8/12/12,"1,667.25","1,662.50","1,679.37","1,662.50",-,-0.38%
8/10/12,"1,673.63","1,653.88","1,698.88","1,646.38",-,1.20%
8/9/12,"1,653.75","1,597.38","1,663.88","1,595.75",-,3.51%
8/8/12,"1,597.63","1,582.63","1,601.88","1,570.75",-,0.96%
8/7/12,"1,582.50","1,598.50","1,612.75","1,573.75",-,-1.01%
8/6/12,"1,598.63","1,604.00","1,609.25","1,590.75",-,-0.34%
8/5/12,"1,604.13","1,607.88","1,610.25","1,589.38",-,-1.93%
8/3/12,"1,635.63","1,614.25","1,645.00","1,609.38",-,1.32%
8/2/12,"1,614.38","1,631.13","1,639.13","1,601.63",-,-1.02%
8/1/12,"1,631.00","1,673.63","1,675.63","1,602.50",-,-2.55%
7/31/12,"1,673.75","1,669.63","1,682.88","1,652.63",-,0.24%
7/30/12,"1,669.75","1,661.63","1,671.88","1,655.50",-,0.50%
7/29/12,"1,661.50","1,646.00","1,671.25","1,642.50",-,-1.29%
7/27/12,"1,683.25","1,645.75","1,694.13","1,645.25",-,2.31%
7/26/12,"1,645.25","1,676.75","1,696.88","1,642.00",-,-1.90%
7/25/12,"1,677.13","1,622.88","1,701.50","1,618.13",-,3.33%
7/24/12,"1,623.00","1,666.88","1,673.13","1,622.13",-,-2.61%
7/23/12,"1,666.50","1,739.25","1,743.12","1,660.75",-,-4.20%
7/22/12,"1,739.50","1,759.88","1,759.88","1,724.50",-,-1.07%
7/20/12,"1,758.38","1,737.88","1,777.62","1,729.25",-,1.17%
7/19/12,"1,738.00","1,683.13","1,749.00","1,677.75",-,3.28%
7/18/12,"1,682.87","1,639.00","1,686.38","1,627.13",-,2.67%
7/17/12,"1,639.13","1,644.63","1,647.50","1,617.75",-,-0.34%
7/16/12,"1,644.75","1,617.38","1,645.25","1,617.38",-,1.68%
7/15/12,"1,617.50","1,613.50","1,618.13","1,610.00",-,1.34%
7/13/12,"1,596.13","1,575.75","1,599.88","1,571.88",-,1.28%
7/12/12,"1,576.00","1,578.50","1,588.75","1,559.38",-,-0.15%
7/11/12,"1,578.38","1,597.25","1,623.75","1,553.00",-,-1.17%
7/10/12,"1,597.13","1,595.00","1,606.38","1,586.38",-,0.14%
7/9/12,"1,594.88","1,591.00","1,625.25","1,583.63",-,0.28%
7/8/12,"1,590.50","1,589.38","1,595.13","1,587.13",-,1.31%
7/6/12,"1,570.00","1,576.50","1,582.88","1,562.13",-,-0.38%
7/5/12,"1,576.00","1,545.63","1,585.50","1,544.63",-,3.29%
7/3/12,"1,525.75","1,503.13","1,532.88","1,497.63",-,1.51%
7/2/12,"1,503.00","1,507.75","1,517.25","1,485.25",-,-0.28%
7/1/12,"1,507.25","1,480.88","1,508.00","1,480.88",-,1.78%
6/29/12,"1,480.88","1,451.63","1,486.38","1,441.88",-,2.01%
6/28/12,"1,451.75","1,458.75","1,464.88","1,440.75",-,-0.49%
6/27/12,"1,458.88","1,457.38","1,481.38","1,452.13",-,0.09%
6/26/12,"1,457.63","1,470.13","1,479.25","1,450.13",-,-0.84%
6/25/12,"1,470.00","1,453.88","1,479.13","1,452.38",-,1.12%
6/24/12,"1,453.75","1,442.75","1,455.13","1,442.75",-,0.81%
6/22/12,"1,442.13","1,442.75","1,464.13","1,438.88",-,-0.03%
6/21/12,"1,442.63","1,437.75","1,456.38","1,431.13",-,0.33%
6/20/12,"1,437.88","1,435.88","1,447.13","1,433.38",-,0.13%
6/19/12,"1,436.00","1,397.63","1,451.13","1,393.63",-,2.80%
6/18/12,"1,396.88","1,383.50","1,397.38","1,375.50",-,0.98%
6/17/12,"1,383.38","1,383.13","1,384.38","1,382.63",-,0.53%
6/15/12,"1,376.13","1,391.25","1,401.00","1,370.88",-,-1.06%
6/14/12,"1,390.88","1,407.38","1,413.13","1,384.38",-,-1.19%
6/13/12,"1,407.63","1,434.63","1,437.38","1,405.38",-,-1.87%
6/12/12,"1,434.50","1,423.88","1,441.00","1,418.75",-,0.73%
6/11/12,"1,424.13","1,425.63","1,444.63","1,420.13",-,-0.11%
6/10/12,"1,425.75","1,423.50","1,426.13","1,422.38",-,-0.18%
6/8/12,"1,428.38","1,426.50","1,438.63","1,408.38",-,0.14%
6/7/12,"1,426.38","1,388.00","1,429.88","1,386.88",-,2.75%
6/6/12,"1,388.25","1,356.50","1,391.75","1,352.88",-,2.32%
6/5/12,"1,356.75","1,346.25","1,360.13","1,341.25",-,0.79%
6/4/12,"1,346.13","1,349.50","1,354.00","1,331.63",-,-0.26%
6/3/12,"1,349.63","1,350.63","1,352.63","1,348.50",-,0.73%
6/1/12,"1,339.88","1,344.13","1,358.00","1,326.88",-,-0.33%
5/31/12,"1,344.25","1,375.25","1,377.50","1,339.63",-,-2.25%
5/30/12,"1,375.13","1,390.00","1,393.63","1,365.38",-,-1.10%
5/29/12,"1,390.38","1,381.88","1,401.88","1,379.50",-,0.62%
5/25/12,"1,381.75","1,379.38","1,386.38","1,371.63",-,0.16%
5/24/12,"1,379.50","1,374.25","1,385.25","1,370.50",-,0.40%
5/23/12,"1,374.00","1,379.25","1,379.50","1,351.13",-,-0.41%
5/22/12,"1,379.63","1,408.63","1,417.63","1,375.38",-,-2.05%
5/21/12,"1,408.50","1,413.88","1,422.88","1,408.13",-,-0.31%
5/20/12,"1,412.88","1,414.50","1,416.13","1,411.50",-,0.32%
5/18/12,"1,408.38","1,432.75","1,438.63","1,405.13",-,-1.71%
5/17/12,"1,432.88","1,422.75","1,449.63","1,422.63",-,0.72%
5/16/12,"1,422.63","1,414.88","1,424.38","1,386.50",-,0.56%
5/15/12,"1,414.75","1,385.25","1,416.13","1,380.25",-,2.14%
5/14/12,"1,385.13","1,394.50","1,402.63","1,376.13",-,-0.66%
5/13/12,"1,394.38","1,405.88","1,406.00","1,392.88",-,-0.62%
5/11/12,"1,403.13","1,459.00","1,459.00","1,402.63",-,-3.84%
5/10/12,"1,459.13","1,432.63","1,461.88","1,431.63",-,1.86%
5/9/12,"1,432.50","1,440.13","1,441.63","1,414.25",-,-0.54%
5/8/12,"1,440.25","1,467.63","1,471.38","1,434.88",-,-1.86%
5/7/12,"1,467.50","1,475.13","1,478.63","1,460.38",-,-0.53%
5/6/12,"1,475.25","1,470.63","1,476.00","1,469.63",-,-0.18%
5/4/12,"1,477.88","1,477.25","1,481.13","1,458.38",-,0.05%
5/3/12,"1,477.13","1,482.63","1,488.50","1,465.88",-,-0.35%
5/2/12,"1,482.38","1,500.75","1,512.38","1,480.38",-,-1.21%
5/1/12,"1,500.50","1,501.00","1,504.63","1,492.50",-,-0.02%
4/30/12,"1,500.88","1,492.38","1,506.63","1,482.25",-,0.56%
4/29/12,"1,492.50","1,490.25","1,494.38","1,489.38",-,-0.01%
4/27/12,"1,492.63","1,485.63","1,506.38","1,481.50",-,0.45%
4/26/12,"1,485.88","1,472.13","1,487.63","1,463.63",-,0.93%
4/25/12,"1,472.25","1,470.50","1,496.63","1,469.38",-,0.11%
4/24/12,"1,470.63","1,439.13","1,471.13","1,439.00",-,2.17%
4/23/12,"1,439.38","1,454.88","1,457.00","1,437.63",-,-1.07%
4/22/12,"1,455.00","1,451.13","1,456.75","1,450.38",-,0.08%
4/20/12,"1,453.88","1,419.63","1,453.88","1,413.13",-,2.42%
4/19/12,"1,419.50","1,411.25","1,429.75","1,407.13",-,0.58%
4/18/12,"1,411.38","1,428.88","1,433.88","1,404.00",-,-1.21%
4/17/12,"1,428.63","1,419.13","1,434.38","1,419.13",-,0.66%
4/16/12,"1,419.25","1,434.38","1,435.13","1,415.63",-,-1.05%
4/15/12,"1,434.25","1,433.88","1,435.75","1,431.63",-,-0.18%
4/13/12,"1,436.88","1,444.13","1,447.63","1,431.63",-,-0.49%
4/12/12,"1,444.00","1,422.13","1,444.38","1,420.50",-,1.53%
4/11/12,"1,422.25","1,426.63","1,429.88","1,415.38",-,-0.32%
4/10/12,"1,426.75","1,430.25","1,451.25","1,421.88",-,-0.25%
4/9/12,"1,430.38","1,441.75","1,446.63","1,424.13",-,-0.80%
4/8/12,"1,441.88","1,430.50","1,443.75","1,428.63",-,0.73%
4/5/12,"1,431.38","1,423.38","1,434.13","1,414.88",-,0.60%
4/4/12,"1,422.88","1,418.00","1,429.63","1,408.38",-,0.33%
4/3/12,"1,418.13","1,422.88","1,433.75","1,414.13",-,-0.32%
4/2/12,"1,422.63","1,411.25","1,433.25","1,409.50",-,0.80%
4/1/12,"1,411.38","1,406.63","1,412.88","1,406.63",-,0.68%
3/30/12,"1,401.88","1,359.88","1,415.88","1,354.38",-,3.13%
3/29/12,"1,359.38","1,372.25","1,376.50","1,351.13",-,-0.93%
3/28/12,"1,372.13","1,371.63","1,378.88","1,364.13",-,0.02%
3/27/12,"1,371.88","1,380.75","1,387.25","1,368.88",-,-0.65%
3/26/12,"1,380.88","1,364.75","1,388.13","1,364.63",-,1.19%
3/25/12,"1,364.63","1,365.50","1,366.38","1,364.13",-,-0.15%
3/23/12,"1,366.63","1,352.25","1,368.88","1,351.63",-,1.09%
3/22/12,"1,351.88","1,355.25","1,359.88","1,338.63",-,-0.28%
3/21/12,"1,355.63","1,346.63","1,357.63","1,344.88",-,0.69%
3/20/12,"1,346.38","1,367.38","1,367.75","1,341.88",-,-1.54%
3/19/12,"1,367.50","1,377.00","1,377.38","1,362.38",-,-0.70%
3/18/12,"1,377.13","1,374.63","1,377.88","1,373.38",-,0.12%
3/16/12,"1,375.50","1,367.75","1,377.13","1,363.88",-,0.58%
3/15/12,"1,367.63","1,355.63","1,369.88","1,354.38",-,0.81%
3/14/12,"1,356.63","1,352.88","1,360.38","1,346.38",-,0.27%
3/13/12,"1,353.00","1,333.63","1,354.63","1,333.38",-,1.46%
3/12/12,"1,333.50","1,333.75","1,341.63","1,331.50",-,-0.03%
3/11/12,"1,333.88","1,337.75","1,338.25","1,332.63",-,-0.28%
3/9/12,"1,337.63","1,336.88","1,355.38","1,330.38",-,0.02%
3/8/12,"1,337.38","1,326.88","1,338.63","1,324.25",-,0.77%
3/7/12,"1,327.13","1,333.88","1,338.88","1,324.13",-,-0.64%
3/6/12,"1,335.63","1,324.13","1,336.13","1,315.63",-,0.85%
3/5/12,"1,324.38","1,329.75","1,336.13","1,323.63",-,-0.56%
3/2/12,"1,331.88","1,321.63","1,332.88","1,316.38",-,0.74%
3/1/12,"1,322.13","1,315.63","1,323.63","1,306.38",-,0.23%
2/29/12,"1,319.13","1,311.13","1,324.13","1,308.13",-,0.46%
2/28/12,"1,313.13","1,300.63","1,314.63","1,300.13",-,0.86%
2/27/12,"1,301.88","1,286.13","1,303.63","1,284.13",-,1.69%
2/24/12,"1,280.25","1,275.88","1,284.50","1,272.13",-,0.26%
2/23/12,"1,276.88","1,271.00","1,279.88","1,266.63",-,0.47%
2/22/12,"1,270.88","1,267.50","1,272.13","1,261.63",-,0.11%
2/21/12,"1,269.50","1,270.88","1,275.88","1,260.25",-,0.23%
2/17/12,"1,266.63","1,257.75","1,273.13","1,257.13",-,0.64%
2/16/12,"1,258.63","1,260.88","1,264.25","1,246.38",-,-0.32%
2/15/12,"1,262.63","1,254.88","1,268.88","1,249.13",-,0.64%
2/14/12,"1,254.63","1,251.88","1,261.63","1,245.63",-,0.08%
2/13/12,"1,253.63","1,237.63","1,253.63","1,232.38",-,2.01%
2/10/12,"1,228.88","1,229.50","1,230.63","1,215.63",-,0.05%
2/9/12,"1,228.25","1,229.63","1,247.38","1,222.88",-,-0.19%
2/8/12,"1,230.63","1,230.25","1,244.63","1,223.13",-,-0.12%
2/7/12,"1,232.13","1,232.63","1,239.38","1,227.13",-,-0.17%
2/6/12,"1,234.25","1,230.88","1,243.88","1,230.88",-,0.11%
2/3/12,"1,232.88","1,216.50","1,236.38","1,214.25",-,1.31%
2/2/12,"1,216.88","1,213.38","1,224.63","1,206.38",-,-0.01%
2/1/12,"1,217.00","1,202.13","1,219.00","1,202.13",-,1.38%
1/31/12,"1,200.38","1,187.13","1,200.88","1,184.63",-,1.29%
1/30/12,"1,185.13","1,214.13","1,218.38","1,184.88",-,-2.71%
1/27/12,"1,218.13","1,221.38","1,225.63","1,215.38",-,-0.33%
1/26/12,"1,222.13","1,213.88","1,230.88","1,213.38",-,0.76%
1/25/12,"1,212.88","1,219.38","1,226.38","1,208.88",-,-0.55%
1/24/12,"1,219.63","1,214.25","1,229.38","1,203.88",-,0.45%
1/23/12,"1,214.13","1,194.13","1,218.63","1,192.25",-,2.44%
1/20/12,"1,185.25","1,197.88","1,203.88","1,183.38",-,-0.89%
1/19/12,"1,195.88","1,184.13","1,197.38","1,181.50",-,1.22%
1/18/12,"1,181.50","1,182.38","1,186.88","1,172.63",-,-0.26%
1/17/12,"1,184.63","1,163.63","1,186.75","1,163.38",-,2.33%
1/13/12,"1,157.63","1,182.38","1,194.13","1,157.63",-,-2.14%
1/12/12,"1,183.00","1,202.25","1,213.63","1,150.38",-,-1.49%
1/11/12,"1,200.88","1,228.63","1,231.88","1,200.88",-,-2.52%
1/10/12,"1,231.88","1,230.88","1,236.88","1,220.63",-,-0.06%
1/9/12,"1,232.63","1,195.25","1,234.63","1,194.75",-,3.25%
1/6/12,"1,193.88","1,207.50","1,219.63","1,193.88",-,-1.24%
1/5/12,"1,208.88","1,229.88","1,233.50","1,207.13",-,-1.85%
1/4/12,"1,231.63","1,227.38","1,235.63","1,220.63",-,0.36%
1/3/12,"1,227.25","1,236.50","1,244.38","1,223.63",-,1.27%
1/2/12,"1,211.88","1,211.88","1,211.88","1,211.88",-,0.00%
12/30/11,"1,211.88","1,195.75","1,215.63","1,194.63",-,1.19%
12/29/11,"1,197.63","1,205.75","1,211.38","1,193.13",-,-0.91%
12/28/11,"1,208.63","1,205.38","1,218.63","1,193.38",-,0.18%
12/27/11,"1,206.50","1,182.63","1,214.63","1,182.63",-,2.91%
12/26/11,"1,172.38","1,172.38","1,172.38","1,172.38",-,0.00%
12/25/11,"1,172.38","1,172.38","1,172.38","1,172.38",-,0.77%
12/23/11,"1,163.38","1,160.75","1,167.00","1,156.63",-,0.22%
12/22/11,"1,160.88","1,152.25","1,167.88","1,144.38",-,0.67%
12/21/11,"1,153.13","1,144.63","1,158.88","1,132.50",-,0.74%
12/20/11,"1,144.63","1,136.50","1,149.63","1,136.13",-,0.48%
12/19/11,"1,139.13","1,137.38","1,148.63","1,131.75",-,0.77%
12/16/11,"1,130.38","1,112.38","1,130.38","1,111.63",-,1.48%
12/15/11,"1,113.88","1,100.88","1,113.88","1,100.88",-,0.91%
12/14/11,"1,103.88","1,115.63","1,119.38","1,094.63",-,-1.27%
12/13/11,"1,118.13","1,111.63","1,126.88","1,106.38",-,0.57%
12/12/11,"1,111.75","1,107.88","1,114.88","1,095.13",-,0.55%
12/11/11,"1,105.63","1,105.63","1,105.63","1,105.63",-,-0.07%
12/9/11,"1,106.38","1,131.25","1,133.38","1,100.38",-,-2.27%
12/8/11,"1,132.13","1,131.75","1,136.38","1,121.38",-,0.03%
12/7/11,"1,131.75","1,130.25","1,136.88","1,124.00",-,0.30%
12/6/11,"1,128.38","1,125.75","1,131.88","1,120.38",-,0.21%
12/5/11,"1,126.00","1,139.88","1,148.13","1,122.13",-,-0.91%
12/2/11,"1,136.38","1,131.63","1,144.38","1,128.38",-,0.72%
12/1/11,"1,128.25","1,133.63","1,142.88","1,116.38",-,-0.45%
11/30/11,"1,133.38","1,123.38","1,145.50","1,111.63",-,0.69%
11/29/11,"1,125.63","1,124.13","1,138.13","1,115.13",-,0.20%
11/28/11,"1,123.38","1,114.25","1,127.13","1,114.25",-,1.31%
11/25/11,"1,108.88","1,120.38","1,125.38","1,102.88",-,-1.27%
11/23/11,"1,123.13","1,155.75","1,158.25","1,121.13",-,-2.50%
11/22/11,"1,151.88","1,147.63","1,155.63","1,141.13",-,0.55%
11/21/11,"1,145.63","1,171.88","1,174.13","1,145.13",-,-2.20%
11/18/11,"1,171.38","1,170.25","1,177.38","1,152.88",-,0.15%
11/17/11,"1,169.63","1,186.50","1,192.13","1,162.13",-,-1.56%
11/16/11,"1,188.13","1,199.63","1,203.13","1,182.88",-,-0.96%
11/15/11,"1,199.63","1,179.38","1,206.13","1,178.50",-,1.73%
11/14/11,"1,179.25","1,178.25","1,192.88","1,177.13",-,0.27%
11/11/11,"1,176.13","1,168.25","1,181.00","1,168.25",-,0.57%
11/10/11,"1,169.50","1,184.00","1,191.13","1,167.00",-,-1.40%
11/9/11,"1,186.13","1,205.88","1,211.88","1,183.75",-,-1.61%
11/8/11,"1,205.50","1,203.63","1,217.13","1,199.88",-,0.25%
11/7/11,"1,202.50","1,220.63","1,222.88","1,198.50",-,-1.46%
11/4/11,"1,220.38","1,226.00","1,230.88","1,219.13",-,-0.47%
11/3/11,"1,226.13","1,204.38","1,231.38","1,200.88",-,1.84%
11/2/11,"1,204.00","1,198.50","1,218.25","1,198.13",-,0.45%
11/1/11,"1,198.63","1,214.88","1,222.88","1,190.75",-,-1.27%
10/31/11,"1,214.00","1,227.25","1,229.00","1,203.63",-,-1.09%
10/30/11,"1,227.38","1,227.50","1,227.88","1,225.88",-,0.10%
10/28/11,"1,226.13","1,245.25","1,250.50","1,224.13",-,-1.59%
10/27/11,"1,245.88","1,224.50","1,252.13","1,223.75",-,1.74%
10/26/11,"1,224.63","1,231.25","1,241.75","1,218.63",-,-0.50%
10/25/11,"1,230.75","1,238.50","1,244.63","1,225.63",-,-0.68%
10/24/11,"1,239.13","1,221.63","1,248.13","1,219.63",-,1.41%
10/23/11,"1,221.88","1,220.13","1,221.88","1,217.88",-,0.78%
10/21/11,"1,212.38","1,223.63","1,245.25","1,212.38",-,-0.93%
10/20/11,"1,223.75","1,215.88","1,227.75","1,201.63",-,0.67%
10/19/11,"1,215.63","1,250.63","1,258.88","1,213.88",-,-2.81%
10/18/11,"1,250.75","1,247.25","1,252.88","1,226.63",-,0.33%
10/17/11,"1,246.63","1,264.13","1,271.75","1,246.63",-,-1.36%
10/16/11,"1,263.88","1,269.13","1,271.13","1,263.88",-,-0.43%
10/14/11,"1,269.38","1,259.13","1,275.63","1,249.25",-,0.79%
10/13/11,"1,259.38","1,237.75","1,259.38","1,230.88",-,1.76%
10/12/11,"1,237.63","1,232.88","1,246.13","1,212.75",-,0.38%
10/11/11,"1,233.00","1,181.75","1,245.13","1,174.63",-,4.19%
10/10/11,"1,183.38","1,165.88","1,192.63","1,163.88",-,1.50%
10/9/11,"1,165.88","1,159.50","1,166.13","1,158.63",-,0.43%
10/7/11,"1,160.88","1,159.38","1,169.88","1,152.38",-,0.14%
10/6/11,"1,159.25","1,163.63","1,182.63","1,158.38",-,-0.46%
10/5/11,"1,164.63","1,167.25","1,173.88","1,161.13",-,-0.16%
10/4/11,"1,166.50","1,170.63","1,178.63","1,152.25",-,-0.37%
10/3/11,"1,170.88","1,175.50","1,189.63","1,162.13",-,-0.38%
10/2/11,"1,175.38","1,176.38","1,181.25","1,174.38",-,0.02%
9/30/11,"1,175.13","1,230.88","1,238.50","1,175.13",-,-4.57%
9/29/11,"1,231.38","1,214.75","1,237.88","1,209.38",-,1.42%
9/28/11,"1,214.13","1,255.75","1,259.63","1,213.88",-,-3.31%
9/27/11,"1,255.63","1,262.25","1,277.63","1,255.38",-,-0.49%
9/26/11,"1,261.75","1,261.88","1,265.88","1,226.13",-,0.03%
9/25/11,"1,261.38","1,265.38","1,267.00","1,261.38",-,0.26%
9/23/11,"1,258.13","1,282.63","1,288.25","1,250.13",-,-2.04%
9/22/11,"1,284.38","1,315.75","1,316.88","1,281.13",-,-2.39%
9/21/11,"1,315.88","1,336.13","1,345.13","1,313.13",-,-1.49%
9/20/11,"1,335.75","1,343.00","1,350.13","1,331.75",-,-0.57%
9/19/11,"1,343.38","1,354.13","1,355.50","1,326.38",-,-0.82%